{
    "a_mAP": 0.7361385259380334,
    "a_mAP_per_class": [
        0.06789674191288972,
        0.8574934232686743,
        0.8945771556313027,
        0.8979056494779943,
        0.8819438901160143,
        0.5234740935701833,
        0.5858024091682528,
        0.831806068892434,
        0.8874929394944857,
        0.8913994165450994,
        0.8654730092339645,
        0.8166308745615635,
        0.7706104326316247,
        0.9019467548731191,
        0.898353781000111,
        0.7710893797581103,
        0.17045892081074568
    ],
    "a_mAP_visible": 0.787239157354024,
    "a_mAP_per_class_visible": [
        0.2789715421221609,
        0.9621258729196766,
        0.9008390971428522,
        0.9101392322148816,
        0.8859752155790624,
        0.5239779988660489,
        0.5889502540106482,
        0.8847224025718586,
        0.8921491775500191,
        0.8990955903054261,
        0.8671840846477882,
        0.8488642446782596,
        0.795105977108308,
        0.9016327221611514,
        0.9003503814527428,
        0.8899286987522281,
        0.4530531829352945
    ],
    "a_mAP_unshown": 0.7649841363908906,
    "a_mAP_per_class_unshown": [
        0.0,
        0.8394898570528813,
        0.0,
        0.7224031140801658,
        0.8924147174451125,
        0.6464646464646464,
        0.4211207637617693,
        0.7760419904005602,
        0.851189334899388,
        0.8673639616991121,
        0.7257306667281331,
        0.7634517154167336,
        0.7099222162507206,
        0.9411517063544708,
        0.7880490825278834,
        0.0,
        0.0
    ]
}