{
    "auc": 0.5198138356208801,
    "auc std": 0.0,
    "val_auc": 0.5172138214111328,
    "val_auc std": 0.0,
    "precision": 0.499238520860672,
    "precision std": 0.0,
    "val_precision": 0.5531014800071716,
    "val_precision std": 0.0,
    "accuracy": 0.2896762490272522,
    "accuracy std": 0.0,
    "val_accuracy": 0.32880938053131104,
    "val_accuracy std": 0.0,
    "recall": 0.19085586071014404,
    "recall std": 0.0,
    "val_recall": 0.176859512925148,
    "val_recall std": 0.0,
    "loss": 0.303949236869812,
    "loss std": 0.0,
    "val_loss": 0.29770004749298096,
    "val_loss std": 0.0,
    "epochs": 11.0,
    "epochs std": 0.0,
    "best_val_loss": [
        0.29770004749298096
    ],
    "best_val_iter": [
        0
    ],
    "test a-mAP": 0.15889997522106805,
    "test a-mAP std": 0.0,
    "best cv iter": 0,
    "best iter": 0,
    "best valid loss": 0.29770004749298096
}