{
    "auc": 0.8906891345977783,
    "auc std": 0.0017492163075145616,
    "val_auc": 0.8801779747009277,
    "val_auc std": 0.002113791190436035,
    "precision": 0.8648766875267029,
    "precision std": 0.00013307548225358577,
    "val_precision": 0.8543257514635721,
    "val_precision std": 0.0010392872318282125,
    "recall": 0.8215382893880209,
    "recall std": 0.00016249014995900013,
    "val_recall": 0.8145758907000223,
    "val_recall std": 0.002018083976884308,
    "accuracy": 0.8444744149843851,
    "accuracy std": 5.2149700557479545e-05,
    "val_accuracy": 0.8350702126820883,
    "val_accuracy std": 0.00020224704340350913,
    "loss": 0.048474621027708054,
    "loss std": 4.947264930605832e-05,
    "val_loss": 0.05173627038796743,
    "val_loss std": 9.275972804936485e-05,
    "epochs": 40.0,
    "epochs std": 0.0,
    "best_val_loss": 0.05161050334572792,
    "best_val_iter": 2,
    "test a-mAP": 0.5805710510384078,
    "test a-mAP std": 0.0015308745588398312
}