{
    "auc": 0.8921621044476827,
    "auc std": 0.002797078915076018,
    "val_auc": 0.8788511951764425,
    "val_auc std": 0.0042209176754550845,
    "precision": 0.8654968539873759,
    "precision std": 4.6592289940322135e-05,
    "val_precision": 0.8649975856145223,
    "val_precision std": 0.002561161764859201,
    "recall": 0.8228812019030253,
    "recall std": 9.229930590082353e-05,
    "val_recall": 0.8233180244763693,
    "val_recall std": 0.0024936610636465133,
    "accuracy": 0.8455031712849935,
    "accuracy std": 0.00021726123497968266,
    "val_accuracy": 0.8447425166765848,
    "val_accuracy std": 0.0005485765874035981,
    "loss": 0.04842463632424673,
    "loss std": 2.066251539289153e-05,
    "val_loss": 0.04859184225400289,
    "val_loss std": 0.0002972564685913845,
    "epochs": 40.0,
    "epochs std": 0.0,
    "best_val_loss": 0.04830816015601158,
    "best_val_iter": 2,
    "test a-mAP": 0.5575350854018636,
    "test a-mAP std": 0.005099880937533598
}