{
    "auc": 0.8856207132339478,
    "auc std": 0.003329974330435109,
    "val_auc": 0.8979785839716593,
    "val_auc std": 0.002813852382731388,
    "precision": 0.8618412216504415,
    "precision std": 0.00022763831045641175,
    "val_precision": 0.8745542565981547,
    "val_precision std": 0.0028719739812365372,
    "recall": 0.8174469669659933,
    "recall std": 0.0005560273427260877,
    "val_recall": 0.8266370097796122,
    "val_recall std": 0.004107038113041552,
    "accuracy": 0.840867261091868,
    "accuracy std": 0.00014362858033486453,
    "val_accuracy": 0.8525624871253967,
    "val_accuracy std": 0.0005769232949082967,
    "loss": 0.04959657043218613,
    "loss std": 7.652664959600399e-05,
    "val_loss": 0.04620725537339846,
    "val_loss std": 8.195084090763472e-05,
    "epochs": 40.0,
    "epochs std": 0.0,
    "best_val_loss": 0.046105895191431046,
    "best_val_iter": 0,
    "test a-mAP": 0.5692600242036318,
    "test a-mAP std": 0.00622019482722291
}