{
    "auc": 0.891401465733846,
    "auc std": 0.003514684222779675,
    "val_auc": 0.8858377893765766,
    "val_auc std": 0.007400129246863783,
    "precision": 0.86524129708608,
    "precision std": 0.0019404546917369944,
    "val_precision": 0.8636281530062357,
    "val_precision std": 0.006731916234554711,
    "recall": 0.822302234172821,
    "recall std": 0.0028605085593367435,
    "val_recall": 0.820354465643565,
    "val_recall std": 0.004351522370069327,
    "accuracy": 0.8451619863510131,
    "accuracy std": 0.002525315946497038,
    "val_accuracy": 0.8431639512379965,
    "val_accuracy std": 0.0058367267037419185,
    "loss": 0.048345812658468885,
    "loss std": 0.0007733138080670898,
    "val_loss": 0.04918725192546845,
    "val_loss std": 0.0018042098455915135,
    "epochs": 40.0,
    "epochs std": 0.0,
    "best_val_loss": [
        0.04944954812526703,
        0.05161050334572792,
        0.046105895191431046,
        0.04830816015601158,
        0.04969891905784607
    ],
    "best_val_iter": [
        0,
        2,
        0,
        2,
        2
    ],
    "test a-mAP": 0.5568339595836056,
    "test a-mAP std": 0.017322519027671714,
    "best cv iter": 2,
    "best iter": 0,
    "best valid loss": 0.046105895191431046
}