{
    "auc": 0.8965948621431986,
    "auc std": 0.0023733375202957966,
    "val_auc": 0.8813242117563883,
    "val_auc std": 0.005535755189889566,
    "precision": 0.8676707943280538,
    "precision std": 0.00012526282881689547,
    "val_precision": 0.8648078044255575,
    "val_precision std": 0.0017088197671256502,
    "recall": 0.8261858224868774,
    "recall std": 0.00039080256443415246,
    "val_recall": 0.8204944531122843,
    "val_recall std": 0.0026980006372301544,
    "accuracy": 0.8485029141108195,
    "accuracy std": 0.00029819739471004773,
    "val_accuracy": 0.8439411719640096,
    "val_accuracy std": 0.0002389767209922548,
    "loss": 0.04720465838909149,
    "loss std": 6.939874109387144e-05,
    "val_loss": 0.04960895081361135,
    "val_loss std": 0.0001127660083789884,
    "epochs": 40.0,
    "epochs std": 0.0,
    "best_val_loss": 0.04944954812526703,
    "best_val_iter": 0,
    "test a-mAP": 0.5455611662849301,
    "test a-mAP std": 0.0022561800847038338
}