{
    "auc": 0.8919405142466227,
    "auc std": 0.0030884753159933164,
    "val_auc": 0.8908569812774658,
    "val_auc std": 0.0026812770076373818,
    "precision": 0.8663209279378256,
    "precision std": 0.0002535686687898216,
    "val_precision": 0.8594553669293722,
    "val_precision std": 0.0007040862678699924,
    "recall": 0.8234588901201884,
    "recall std": 0.0002504497823216383,
    "val_recall": 0.8167469501495361,
    "val_recall std": 0.001008416813606219,
    "accuracy": 0.8464621702829996,
    "accuracy std": 0.0004632795553742951,
    "val_accuracy": 0.8395033677419027,
    "val_accuracy std": 0.0007447211939832268,
    "loss": 0.048028577119112015,
    "loss std": 9.031343891498774e-05,
    "val_loss": 0.0497919407983621,
    "val_loss std": 6.710561446951637e-05,
    "epochs": 40.0,
    "epochs std": 0.0,
    "best_val_loss": 0.04969891905784607,
    "best_val_iter": 2,
    "test a-mAP": 0.5312424709891951,
    "test a-mAP std": 0.00394638743755144
}