{
    "auc": 0.9332464138666788,
    "auc std": 0.0004968736911733478,
    "val_auc": 0.9605609178543091,
    "val_auc std": 0.00022207038629912438,
    "precision": 0.8909470836321512,
    "precision std": 6.254365739311911e-05,
    "val_precision": 0.9085939526557922,
    "val_precision std": 0.0006410432872206236,
    "recall": 0.8586408694585165,
    "recall std": 0.0003506124438392224,
    "val_recall": 0.8700674573580424,
    "val_recall std": 0.0004228913697998914,
    "accuracy": 0.8760771155357361,
    "accuracy std": 0.00014041181939967518,
    "val_accuracy": 0.8912532528241476,
    "val_accuracy std": 7.106680790466815e-05,
    "loss": 0.03680302326877912,
    "loss std": 3.146489663035459e-05,
    "val_loss": 0.03222498297691345,
    "val_loss std": 2.5090242141968753e-05,
    "epochs": 40.0,
    "epochs std": 0.0,
    "best_val_loss": 0.03219206631183624,
    "best_val_iter": 1,
    "test a-mAP": 0.7586478743066598,
    "test a-mAP std": 0.0035683050588992864
}