{
    "auc": 0.950094966093699,
    "auc std": 0.011893865763664522,
    "val_auc": 0.946945051352183,
    "val_auc std": 0.015456294375928237,
    "precision": 0.895766818523407,
    "precision std": 0.0047288633384063375,
    "val_precision": 0.8946913878122966,
    "val_precision std": 0.013226241947257675,
    "recall": 0.8665990908940634,
    "recall std": 0.008359137575940227,
    "val_recall": 0.8634840885798136,
    "val_recall std": 0.01066983796769814,
    "accuracy": 0.8826799869537354,
    "accuracy std": 0.0067116424893460674,
    "val_accuracy": 0.8806348760922751,
    "val_accuracy std": 0.01235210515734516,
    "loss": 0.03473424166440964,
    "loss std": 0.002108052498049151,
    "val_loss": 0.03567465419570605,
    "val_loss std": 0.0041696163203933925,
    "epochs": 40.0,
    "epochs std": 0.0,
    "best_val_loss": [
        0.04041024670004845,
        0.04097399488091469,
        0.03183615952730179,
        0.03219206631183624,
        0.03258034214377403
    ],
    "best_val_iter": [
        2,
        0,
        1,
        1,
        0
    ],
    "test a-mAP": 0.7338143009931113,
    "test a-mAP std": 0.07010043342788809,
    "best cv iter": 2,
    "best iter": 1,
    "best valid loss": 0.03183615952730179
}