{
    "auc": 0.9450783332188925,
    "auc std": 6.143197436293466e-05,
    "val_auc": 0.95926433801651,
    "val_auc std": 0.0017991613208881874,
    "precision": 0.8970472812652588,
    "precision std": 0.0001320175740749968,
    "val_precision": 0.9023423790931702,
    "val_precision std": 0.0005097458987142205,
    "recall": 0.8690577944119772,
    "recall std": 0.0002503734346768223,
    "val_recall": 0.8704468409220377,
    "val_recall std": 0.000442321626775296,
    "accuracy": 0.8845702608426412,
    "accuracy std": 5.908776387722856e-05,
    "val_accuracy": 0.8884048263231913,
    "val_accuracy std": 0.00035134662304707877,
    "loss": 0.03428152824441592,
    "loss std": 3.2655258475030616e-05,
    "val_loss": 0.032648460318644844,
    "val_loss std": 4.925943208752064e-05,
    "epochs": 40.0,
    "epochs std": 0.0,
    "best_val_loss": 0.03258034214377403,
    "best_val_iter": 0,
    "test a-mAP": 0.6417956616647291,
    "test a-mAP std": 0.0016214349526228202
}