{
    "auc": 0.9658564925193787,
    "auc std": 0.0009341846617742888,
    "val_auc": 0.9190736810366312,
    "val_auc std": 0.0013395286876996496,
    "precision": 0.9029739697774252,
    "precision std": 3.86029650485631e-05,
    "val_precision": 0.8795844117800394,
    "val_precision std": 0.0011216786618652463,
    "recall": 0.8798941175142924,
    "recall std": 0.00027640250011962413,
    "val_recall": 0.8534654776255289,
    "val_recall std": 0.00031397190186037384,
    "accuracy": 0.8931880990664164,
    "accuracy std": 0.0002015484290610701,
    "val_accuracy": 0.8678306738535563,
    "val_accuracy std": 0.0002572252347163232,
    "loss": 0.03131883591413498,
    "loss std": 1.840866967519622e-05,
    "val_loss": 0.04052445789178213,
    "val_loss std": 0.00011047114960573456,
    "epochs": 40.0,
    "epochs std": 0.0,
    "best_val_loss": 0.04041024670004845,
    "best_val_iter": 2,
    "test a-mAP": 0.6596915845792469,
    "test a-mAP std": 0.00622978982031339
}