{
    "auc": 0.9612470070521036,
    "auc std": 0.0012499565781381435,
    "val_auc": 0.9416425625483195,
    "val_auc std": 0.0015471439964923194,
    "precision": 0.8976926406224569,
    "precision std": 0.00012796040800238553,
    "val_precision": 0.8777960737546285,
    "val_precision std": 0.0004996448821618863,
    "recall": 0.8687368432680765,
    "recall std": 0.0004022828070862328,
    "val_recall": 0.848103940486908,
    "val_recall std": 0.0009994359967895135,
    "accuracy": 0.8848243157068888,
    "accuracy std": 0.00012138117083210192,
    "val_accuracy": 0.8635212977727255,
    "val_accuracy std": 0.00016326082749115633,
    "loss": 0.03414213036497434,
    "loss std": 4.460694081185551e-05,
    "val_loss": 0.041016911466916404,
    "val_loss std": 5.16569724542757e-05,
    "epochs": 40.0,
    "epochs std": 0.0,
    "best_val_loss": 0.04097399488091469,
    "best_val_iter": 0,
    "test a-mAP": 0.8064801204485095,
    "test a-mAP std": 0.002625326377543625
}