{
    "auc": 0.945046583811442,
    "auc std": 0.002052146811870224,
    "val_auc": 0.9541837573051453,
    "val_auc std": 0.00018475649731579911,
    "precision": 0.8901731173197428,
    "precision std": 0.0003072455047259663,
    "val_precision": 0.9051401217778524,
    "val_precision std": 0.00021771056668601693,
    "recall": 0.856665829817454,
    "recall std": 0.00011018372110469992,
    "val_recall": 0.8753367265065511,
    "val_recall std": 0.0003124387557942576,
    "accuracy": 0.8747401436169943,
    "accuracy std": 6.81841069140538e-05,
    "val_accuracy": 0.8921643296877543,
    "val_accuracy std": 0.0002845675657889606,
    "loss": 0.03712569052974383,
    "loss std": 2.3523471242179415e-05,
    "val_loss": 0.03195845832427343,
    "val_loss std": 9.385976511891085e-05,
    "epochs": 40.0,
    "epochs std": 0.0,
    "best_val_loss": 0.03183615952730179,
    "best_val_iter": 1,
    "test a-mAP": 0.8024562639664113,
    "test a-mAP std": 0.0019688497843046012
}