{
    "a_mAP": 0.15889997522106805,
    "a_mAP_per_class": [
        0.016667212536553767,
        0.6604065732436772,
        0.014311272782739361,
        0.3561306636526225,
        0.0316081533474999,
        0.17934979373387397,
        0.09635442882648136,
        0.0817168784765424,
        0.35514413001006045,
        0.13075229280631084,
        0.28271350166011433,
        0.09998956638045882,
        0.05156698460405082,
        0.09860150014329085,
        0.24489479483723287,
        0.0007901008385668134,
        0.00030173087808090345
    ],
    "a_mAP_visible": 0.18497636682685759,
    "a_mAP_per_class_visible": [
        0.08952478503417555,
        0.8742483407430478,
        0.016411217533138314,
        0.44021632578091324,
        0.03773303473303324,
        0.18004371158588822,
        0.09739858886267451,
        0.09125484199038364,
        0.3672345188170716,
        0.1266915385618139,
        0.2839456918381534,
        0.0952414612178321,
        0.05338063192186609,
        0.09909816612748865,
        0.27199490162173184,
        0.01567286280190044,
        0.004507616885467049
    ],
    "a_mAP_unshown": 0.13147112322718843,
    "a_mAP_per_class_unshown": [
        0.0,
        0.5513279929361868,
        0.0,
        0.08088466026780784,
        0.005138986317912455,
        0.02780271574458534,
        0.0159184496213321,
        0.081335194537125,
        0.3094152349380867,
        0.15268592340226791,
        0.17917192144330116,
        0.11228871665866186,
        0.08958851701228367,
        0.06359483136848702,
        0.03997145770541206,
        0.0,
        0.0
    ]
}