{
    "a_mAP": 0.01688068247484896,
    "a_mAP_per_class": [
        0.0005143522533805366,
        0.006209685659556999,
        0.004321091990670364,
        0.007237442481786199,
        0.0053599910712362935,
        0.014467360657145987,
        0.013229398885392473,
        0.020793057745982238,
        0.0817680909186249,
        0.0487868965651613,
        0.032146320405903366,
        0.02926326537200191,
        0.004779846654208973,
        0.012514612736407572,
        0.0053029406621989674,
        0.00010278812797121928,
        0.0001744598848030591
    ],
    "a_mAP_visible": 0.017373854430561365,
    "a_mAP_per_class_visible": [
        0.0027747820361456728,
        0.006638010119259844,
        0.005109985733053267,
        0.011627233292136125,
        0.0064193080435294425,
        0.014535035257419253,
        0.01256016899784146,
        0.020251031825715447,
        0.07521258387894264,
        0.05072939791047549,
        0.030074878445246266,
        0.02964056770699044,
        0.005906092288898798,
        0.012573097732105536,
        0.006155076464515774,
        0.002529244388239014,
        0.0026190311990287292
    ],
    "a_mAP_unshown": 0.017749601889428975,
    "a_mAP_per_class_unshown": [
        0.0,
        0.005997078046813999,
        0.0,
        0.00228025887950468,
        0.0013051375729089146,
        0.002336448598130841,
        0.002090889272053431,
        0.020369672248879644,
        0.08139945839799088,
        0.04194121103762144,
        0.03269898122726576,
        0.02648113800878562,
        0.0009391327674450347,
        0.01121793275217933,
        0.0016874857529971426,
        0.0,
        0.0
    ]
}