{
    "a_mAP": 0.6592727378859433,
    "a_mAP_per_class": [
        0.05699884721784132,
        0.8118166612496595,
        0.8393578776509542,
        0.837396250661818,
        0.7639598682991459,
        0.6296871267990533,
        0.607900937459052,
        0.8172151384422558,
        0.8759051013204521,
        0.8923440719324006,
        0.8467285908154634,
        0.7587220066530475,
        0.6706033497280279,
        0.9009464312117025,
        0.7848309140954751,
        0.019394351398125793,
        0.09382901912656011
    ],
    "a_mAP_visible": 0.7315506134883347,
    "a_mAP_per_class_visible": [
        0.2814309108297033,
        0.9447462657215421,
        0.8497617871312472,
        0.8787462410143765,
        0.7754177303735384,
        0.629765670640985,
        0.6102215222479103,
        0.8829652205415844,
        0.8817623584972671,
        0.9007382175540081,
        0.8497922858513465,
        0.8092788370016084,
        0.7279791293503762,
        0.9029426669312174,
        0.8340240057400329,
        0.23566032223057015,
        0.4411272576443785
    ],
    "a_mAP_unshown": 0.6283986894296952,
    "a_mAP_per_class_unshown": [
        0.0,
        0.7736590682743402,
        0.0,
        0.4438272451807084,
        0.6881276770466235,
        0.6280991735537188,
        0.40260043554938957,
        0.7366761053217842,
        0.8091066913467817,
        0.8564924949766014,
        0.631625357506944,
        0.6783990387681056,
        0.4583398852154218,
        0.9092440674958465,
        0.15298572234977265,
        0.0,
        0.0
    ]
}