{
    "auc": 0.9646736184755961,
    "auc std": 0.0018947667682544388,
    "val_auc": 0.9290195902188619,
    "val_auc std": 0.002715263545143253,
    "precision": 0.9144137104352316,
    "precision std": 0.00015236325583855269,
    "val_precision": 0.8926441669464111,
    "val_precision std": 0.005012524837989158,
    "recall": 0.8946390946706136,
    "recall std": 8.960688721252126e-05,
    "val_recall": 0.8740059733390808,
    "val_recall std": 0.006593324901767241,
    "accuracy": 0.9069660703341166,
    "accuracy std": 0.0002602498893625123,
    "val_accuracy": 0.8846941987673441,
    "val_accuracy std": 0.0007618247557946425,
    "loss": 0.027781120191017788,
    "loss std": 4.384864589684033e-05,
    "val_loss": 0.03527044132351875,
    "val_loss std": 0.00010949874058372937,
    "epochs": 40.0,
    "epochs std": 0.0,
    "best_val_loss": 0.035124771296978,
    "best_val_iter": 0,
    "test a-mAP": 0.7934878987710065,
    "test a-mAP std": 0.0032862376237600354
}