{
    "auc": 0.9436875383059183,
    "auc std": 0.0010486883518864099,
    "val_auc": 0.9604195952415466,
    "val_auc std": 0.0011526880051121052,
    "precision": 0.9080003897349039,
    "precision std": 3.0690984084969925e-05,
    "val_precision": 0.9214366873105367,
    "val_precision std": 0.003294066732147686,
    "recall": 0.883742610613505,
    "recall std": 0.00042565893645516334,
    "val_recall": 0.8934688766797384,
    "val_recall std": 0.00481322999098954,
    "accuracy": 0.8980613152186075,
    "accuracy std": 0.00020230628554728124,
    "val_accuracy": 0.9113384485244751,
    "val_accuracy std": 0.0008568018573348034,
    "loss": 0.03044230304658413,
    "loss std": 6.309224000330412e-05,
    "val_loss": 0.02651802885035674,
    "val_loss std": 0.0001396482489964174,
    "epochs": 40.0,
    "epochs std": 0.0,
    "best_val_loss": 0.026369070634245872,
    "best_val_iter": 0,
    "test a-mAP": 0.7560948755505313,
    "test a-mAP std": 0.0021269083627812714
}