{
    "auc": 0.9419918457667033,
    "auc std": 0.0015811692530216276,
    "val_auc": 0.9564926822980245,
    "val_auc std": 0.001306508655590612,
    "precision": 0.9092528025309244,
    "precision std": 0.00032419036003090523,
    "val_precision": 0.9216657280921936,
    "val_precision std": 0.0004657424026412195,
    "recall": 0.8859278758366903,
    "recall std": 0.00032245385783075516,
    "val_recall": 0.8911381761233012,
    "val_recall std": 0.0008435167203825023,
    "accuracy": 0.8997334043184916,
    "accuracy std": 0.00014411925976784477,
    "val_accuracy": 0.9097364942232767,
    "val_accuracy std": 0.0005025530206031396,
    "loss": 0.03002723554770152,
    "loss std": 5.935674250562881e-05,
    "val_loss": 0.02729857588807742,
    "val_loss std": 0.00014701179552004172,
    "epochs": 40.0,
    "epochs std": 0.0,
    "best_val_loss": 0.027157988399267197,
    "best_val_iter": 1,
    "test a-mAP": 0.7578900789610755,
    "test a-mAP std": 0.002478826206120495
}