{
    "auc": 0.9493727882703146,
    "auc std": 0.0009184864044706254,
    "val_auc": 0.9581630428632101,
    "val_auc std": 0.00035051549931038576,
    "precision": 0.9140515923500061,
    "precision std": 0.00010079363380307515,
    "val_precision": 0.9113990664482117,
    "val_precision std": 0.00325004837839617,
    "recall": 0.8949869473775228,
    "recall std": 0.00027201101631488516,
    "val_recall": 0.8958360354105631,
    "val_recall std": 0.0036569600877321452,
    "accuracy": 0.9070002834002177,
    "accuracy std": 0.00022293902018184807,
    "val_accuracy": 0.9059126973152161,
    "val_accuracy std": 0.00024971310264863627,
    "loss": 0.027960120389858883,
    "loss std": 0.00010198024952083104,
    "val_loss": 0.027487486600875854,
    "val_loss std": 7.051602657049556e-05,
    "epochs": 40.0,
    "epochs std": 0.0,
    "best_val_loss": 0.027391526848077774,
    "best_val_iter": 1,
    "test a-mAP": 0.6656081120782652,
    "test a-mAP std": 0.0035794949724028092
}