{
    "auc": 0.9521422266960144,
    "auc std": 0.009136938851613121,
    "val_auc": 0.9471410632133483,
    "val_auc std": 0.01381915584929211,
    "precision": 0.9130315264066059,
    "precision std": 0.0040889981863851356,
    "val_precision": 0.9092045267422995,
    "val_precision std": 0.011752675717062433,
    "recall": 0.8926799257596334,
    "recall std": 0.0072816946973380745,
    "val_recall": 0.8863267461458841,
    "val_recall std": 0.00894388599185171,
    "accuracy": 0.9052646319071451,
    "accuracy std": 0.005913244224658106,
    "val_accuracy": 0.9002520879109699,
    "val_accuracy std": 0.010962436744641363,
    "loss": 0.02831550774474939,
    "loss std": 0.001819904199747335,
    "val_loss": 0.03017682395875454,
    "val_loss std": 0.003792843216430297,
    "epochs": 40.0,
    "epochs std": 0.0,
    "best_val_loss": [
        0.034111931920051575,
        0.035124771296978,
        0.026369070634245872,
        0.027157988399267197,
        0.027391526848077774
    ],
    "best_val_iter": [
        1,
        0,
        0,
        1,
        1
    ],
    "test a-mAP": 0.732116943611535,
    "test a-mAP std": 0.04778985528021298,
    "best cv iter": 2,
    "best iter": 0,
    "best valid loss": 0.026369070634245872
}