{
    "auc": 0.4772164523601532,
    "auc std": 0.0,
    "val_auc": 0.472222238779068,
    "val_auc std": 0.0,
    "precision": 0.7540092468261719,
    "precision std": 0.0,
    "val_precision": 0.7620671391487122,
    "val_precision std": 0.0,
    "recall": 0.7540092468261719,
    "recall std": 0.0,
    "val_recall": 0.7620671391487122,
    "val_recall std": 0.0,
    "accuracy": 0.7540092468261719,
    "accuracy std": 0.0,
    "val_accuracy": 0.7620671391487122,
    "val_accuracy std": 0.0,
    "loss": 0.09356921166181564,
    "loss std": 0.0,
    "val_loss": 0.0911540538072586,
    "val_loss std": 0.0,
    "epochs": 10.0,
    "epochs std": 0.0,
    "best_val_loss": [
        0.0911540538072586
    ],
    "best_val_iter": [
        0
    ],
    "test a-mAP": 0.01688068247484896,
    "test a-mAP std": 0.0,
    "best cv iter": 0,
    "best iter": 0,
    "best valid loss": 0.0911540538072586
}