{
    "a_mAP": 0.5469614101566294,
    "a_mAP_per_class": [
        0.016489039342007687,
        0.7260731235827222,
        0.6619196222120995,
        0.7944167539667941,
        0.4272114461671555,
        0.5019345397105418,
        0.20238357067300772,
        0.7032984529301834,
        0.8519539378084852,
        0.8718975277799076,
        0.7738791577644965,
        0.63988089790783,
        0.49617151212592064,
        0.9045024526598141,
        0.6730649367061061,
        0.0175749072731432,
        0.03569209405248316
    ],
    "a_mAP_visible": 0.6179166680975655,
    "a_mAP_per_class_visible": [
        0.10227823145059917,
        0.9084833420331779,
        0.6859953033674627,
        0.8484663814195476,
        0.46407602614830823,
        0.5014965948964784,
        0.20424153418501198,
        0.8081400466301563,
        0.8577965261507576,
        0.8936636700830554,
        0.7801556264703315,
        0.7088112795890551,
        0.6349600886176732,
        0.9077397531806883,
        0.7208827049127534,
        0.20838184213678293,
        0.26901440638677526
    ],
    "a_mAP_unshown": 0.48420391683875974,
    "a_mAP_per_class_unshown": [
        0.0,
        0.652535221620004,
        0.0,
        0.3894067396103899,
        0.2656072370787817,
        0.6969696969696969,
        0.1148911723783335,
        0.5951286499230949,
        0.7592740443749892,
        0.8093467023802884,
        0.4051346610052255,
        0.5512622649183616,
        0.12450453697918694,
        0.8919001639364574,
        0.03868982772906603,
        0.0,
        0.0
    ]
}