{
    "a_mAP": 0.7643065073165842,
    "a_mAP_per_class": [
        0.048058313325222264,
        0.8655704731017768,
        0.8987188800939456,
        0.8959332834520974,
        0.8988274604284812,
        0.5906482198196733,
        0.646064886902683,
        0.8570490022169718,
        0.893109607243774,
        0.8950974812818399,
        0.873879108519973,
        0.8364353075350311,
        0.805303593439924,
        0.909768296800874,
        0.9010337343120436,
        0.7259429600083876,
        0.4517700158992329
    ],
    "a_mAP_visible": 0.8111535378848427,
    "a_mAP_per_class_visible": [
        0.19914722971416143,
        0.952999895105561,
        0.9026247044089947,
        0.9050163646155606,
        0.9036510614669706,
        0.5913673911271458,
        0.6496479811681479,
        0.9001213221286671,
        0.8951891790347133,
        0.9008164876581727,
        0.8750514195666432,
        0.8623123523247628,
        0.8225312625207404,
        0.9096452179508457,
        0.9019044207606334,
        0.9258373205741625,
        0.6917465339164418
    ],
    "a_mAP_unshown": 0.7813440065099972,
    "a_mAP_per_class_unshown": [
        0.0,
        0.8521574183210988,
        0.0,
        0.6933152690849858,
        0.9322842264439207,
        0.6363636363636366,
        0.40832890731906935,
        0.8057239928738482,
        0.8551240523969059,
        0.8739650766607042,
        0.8043268545312618,
        0.797079745551505,
        0.7470165927974249,
        0.9369737046608808,
        0.8148126076247227,
        0.0,
        0.0
    ]
}