{
    "a_mAP": 0.02343258288562751,
    "a_mAP_per_class": [
        0.0007239159856912341,
        0.008708876708044754,
        0.005755401728090879,
        0.009818091196110811,
        0.007321471031148451,
        0.020180555082489327,
        0.018333582270471823,
        0.028667436555604307,
        0.11200608376348115,
        0.06612958914442206,
        0.04211037438382823,
        0.04686352655819952,
        0.006673702960822256,
        0.017374939884895094,
        0.007296040420689787,
        0.00014222947705912054,
        0.00024809190461893383
    ],
    "a_mAP_visible": 0.0243274820602668,
    "a_mAP_per_class_visible": [
        0.0039048063841452263,
        0.009413098023620612,
        0.0068060281964025275,
        0.01564402622543285,
        0.00876324399793034,
        0.02027497915967275,
        0.017219385614201162,
        0.02941231285942043,
        0.10466083192830028,
        0.06805877286686422,
        0.039737714507092,
        0.04814718608216948,
        0.008251133345047696,
        0.017598550571298645,
        0.008460084153733819,
        0.0035007644074180745,
        0.0037142767017853758
    ],
    "a_mAP_unshown": 0.024882799271211915,
    "a_mAP_per_class_unshown": [
        0.0,
        0.008483770590974313,
        0.0,
        0.0030600179051712144,
        0.001779210707824966,
        0.003289473684210527,
        0.0030309200114758492,
        0.02674265974829324,
        0.11267217630853996,
        0.05792250271722413,
        0.043234038688584144,
        0.04391676987402515,
        0.001333988111380678,
        0.015545922150258734,
        0.0024649400277919984,
        0.0,
        0.0
    ]
}