{
    "auc": 0.5469823479652405,
    "auc std": 0.0,
    "val_auc": 0.7178037762641907,
    "val_auc std": 0.0,
    "precision": 0.7620130777359009,
    "precision std": 0.0,
    "val_precision": 0.7850915193557739,
    "val_precision std": 0.0,
    "recall": 0.7620130777359009,
    "recall std": 0.0,
    "val_recall": 0.7850915193557739,
    "val_recall std": 0.0,
    "accuracy": 0.7620130777359009,
    "accuracy std": 0.0,
    "val_accuracy": 0.7850915193557739,
    "val_accuracy std": 0.0,
    "loss": 0.21720963716506958,
    "loss std": 0.0,
    "val_loss": 0.16515590250492096,
    "val_loss std": 0.0,
    "epochs": 2.0,
    "epochs std": 0.0,
    "best_val_loss": 0.16515590250492096,
    "best_val_iter": 0,
    "test a-mAP": 0.12718015587704692,
    "test a-mAP std": 0.0
}