{
    "auc": 0.8931400895118713,
    "auc std": 0.00627697968313753,
    "val_auc": 0.8892383694648742,
    "val_auc std": 0.00781454905799098,
    "precision": 0.8640963792800903,
    "precision std": 0.001173297890092723,
    "val_precision": 0.8744025349617004,
    "val_precision std": 0.0031633589411312704,
    "recall": 0.8195799708366394,
    "recall std": 0.0022346753531466636,
    "val_recall": 0.8305435061454773,
    "val_recall std": 0.0027840688658152205,
    "accuracy": 0.8431207656860351,
    "accuracy std": 0.0018761722245895216,
    "val_accuracy": 0.8527509212493897,
    "val_accuracy std": 0.001794392977093257,
    "loss": 0.04912603795528412,
    "loss std": 0.0004986096515312357,
    "val_loss": 0.0459442600607872,
    "val_loss std": 0.00032659965571390695,
    "epochs": 34.4,
    "epochs std": 4.673328578219169,
    "best_val_loss": 0.04551493003964424,
    "best_val_iter": 0,
    "test a-mAP": 0.5751026455332565,
    "test a-mAP std": 0.005334006608895026
}