{
    "auc": 0.8847268342971801,
    "auc std": 0.0056959586672975385,
    "val_auc": 0.8698025584220886,
    "val_auc std": 0.001295542654566164,
    "precision": 0.8634316563606262,
    "precision std": 0.0014780086740946961,
    "val_precision": 0.8718003749847412,
    "val_precision std": 0.002517163434223604,
    "recall": 0.8200926184654236,
    "recall std": 0.002395397559656346,
    "val_recall": 0.8258072853088378,
    "val_recall std": 0.004058753498162619,
    "accuracy": 0.8431194305419922,
    "accuracy std": 0.0021369723028198295,
    "val_accuracy": 0.8521961212158203,
    "val_accuracy std": 0.0010660441700556969,
    "loss": 0.04863501340150833,
    "loss std": 0.0005721937614622944,
    "val_loss": 0.04686071127653122,
    "val_loss std": 0.00039678090163293867,
    "epochs": 35.2,
    "epochs std": 5.564171097297422,
    "best_val_loss": 0.046473171561956406,
    "best_val_iter": 1,
    "test a-mAP": 0.5641364992412649,
    "test a-mAP std": 0.005223166981823215
}