{
    "auc": 0.8885753273963928,
    "auc std": 0.007290566161457621,
    "val_auc": 0.8823203682899475,
    "val_auc std": 0.011048547592495997,
    "precision": 0.8649083733558655,
    "precision std": 0.0015628130513677275,
    "val_precision": 0.863876461982727,
    "val_precision std": 0.003943786015019845,
    "recall": 0.8209017872810364,
    "recall std": 0.0029985503722321093,
    "val_recall": 0.8140713334083557,
    "val_recall std": 0.0031399479628717746,
    "accuracy": 0.8442180991172791,
    "accuracy std": 0.0023805619002477386,
    "val_accuracy": 0.8406803011894226,
    "val_accuracy std": 0.0014253902621658224,
    "loss": 0.0484219565987587,
    "loss std": 0.0006334286883101483,
    "val_loss": 0.050177347660064694,
    "val_loss std": 0.0002960824596437164,
    "epochs": 35.4,
    "epochs std": 5.535341001239219,
    "best_val_loss": 0.049789123237133026,
    "best_val_iter": 0,
    "test a-mAP": 0.5822531649992646,
    "test a-mAP std": 0.007850929608539966
}