{
    "auc": 0.8980270981788635,
    "auc std": 0.004610214223228748,
    "val_auc": 0.8493717551231384,
    "val_auc std": 0.003775268431738464,
    "precision": 0.873975133895874,
    "precision std": 0.0013858861724785957,
    "val_precision": 0.8678576469421386,
    "val_precision std": 0.0013154131926257874,
    "recall": 0.8339816689491272,
    "recall std": 0.002245644407394717,
    "val_recall": 0.8290180444717408,
    "val_recall std": 0.0032294807332453592,
    "accuracy": 0.855214250087738,
    "accuracy std": 0.0017886057143793744,
    "val_accuracy": 0.8499069452285767,
    "val_accuracy std": 0.001123519060800627,
    "loss": 0.045299874246120454,
    "loss std": 0.0005261077609094013,
    "val_loss": 0.047876711934804916,
    "val_loss std": 0.00022483281309724926,
    "epochs": 34.0,
    "epochs std": 5.176871642217914,
    "best_val_loss": 0.04763048142194748,
    "best_val_iter": 4,
    "test a-mAP": 0.5476114713179402,
    "test a-mAP std": 0.009143990748297828
}