{
    "auc": 0.8823145508766175,
    "auc std": 0.00257355739220659,
    "val_auc": 0.835670816898346,
    "val_auc std": 0.000859344944464642,
    "precision": 0.8622185826301575,
    "precision std": 0.0005123385295082534,
    "val_precision": 0.8575169324874878,
    "val_precision std": 0.003608397258039313,
    "recall": 0.81980060338974,
    "recall std": 0.0009860629374161107,
    "val_recall": 0.8126731157302857,
    "val_recall std": 0.0031805360430877797,
    "accuracy": 0.8426806211471558,
    "accuracy std": 0.0008031489044087551,
    "val_accuracy": 0.8362859606742858,
    "val_accuracy std": 0.0014906099513968011,
    "loss": 0.04918000027537346,
    "loss std": 0.0001973717723156462,
    "val_loss": 0.05069713443517685,
    "val_loss std": 0.0001944289353763343,
    "epochs": 39.2,
    "epochs std": 0.9797958971132712,
    "best_val_loss": 0.05048211291432381,
    "best_val_iter": 2,
    "test a-mAP": 0.5292482586679604,
    "test a-mAP std": 0.0034160164196110035
}