{
    "auc": 0.9623285333315531,
    "auc std": 0.002575254393537524,
    "val_auc": 0.9236814975738525,
    "val_auc std": 0.002877336852221793,
    "precision": 0.9136591553688049,
    "precision std": 0.00024411099550264128,
    "val_precision": 0.8938045104344686,
    "val_precision std": 0.001965750968820902,
    "recall": 0.893939753373464,
    "recall std": 0.00024016999805943676,
    "val_recall": 0.873047411441803,
    "val_recall std": 0.0022717063680715234,
    "accuracy": 0.9064794977506002,
    "accuracy std": 0.0001990932978859777,
    "val_accuracy": 0.8846772511800131,
    "val_accuracy std": 0.000194437564670176,
    "loss": 0.027957642450928688,
    "loss std": 3.1175668983900705e-05,
    "val_loss": 0.035362704346577324,
    "val_loss std": 5.087464082025867e-05,
    "epochs": 40.0,
    "epochs std": 0.0,
    "best_val_loss": 0.03529095649719238,
    "best_val_iter": 2,
    "test a-mAP": 0.7841946868057247,
    "test a-mAP std": 0.006472925876033437
}