{
    "auc": 0.9513185461362204,
    "auc std": 0.008144685912086613,
    "val_auc": 0.943817412853241,
    "val_auc std": 0.016135909726518086,
    "precision": 0.9121370077133178,
    "precision std": 0.003790255725485121,
    "val_precision": 0.9098138133684796,
    "val_precision std": 0.010967326540538483,
    "recall": 0.8913464744885763,
    "recall std": 0.006829015037621489,
    "val_recall": 0.8840746402740478,
    "val_recall std": 0.009872032377511091,
    "accuracy": 0.9043438235918682,
    "accuracy std": 0.005641737316803524,
    "val_accuracy": 0.8995473623275757,
    "val_accuracy std": 0.010874630179467886,
    "loss": 0.02860559982558091,
    "loss std": 0.0017323017576018325,
    "val_loss": 0.03033126691977183,
    "val_loss std": 0.0037153019606533566,
    "epochs": 39.6,
    "epochs std": 0.7999999999999999,
    "best_val_loss": [
        0.034132130444049835,
        0.03529095649719238,
        0.02660169079899788,
        0.02749885618686676,
        0.027462627738714218
    ],
    "best_val_iter": [
        1,
        2,
        0,
        1,
        2
    ],
    "test a-mAP": 0.724247712089978,
    "test a-mAP std": 0.04889578262252223,
    "best cv iter": 2,
    "best iter": 0,
    "best valid loss": 0.02660169079899788
}