{
    "auc": 0.9495303432146708,
    "auc std": 0.00038739236113078843,
    "val_auc": 0.9579746723175049,
    "val_auc std": 0.00016211960091679588,
    "precision": 0.9137018322944641,
    "precision std": 0.0002156738428771041,
    "val_precision": 0.9129732052485148,
    "val_precision std": 0.0018314000180192653,
    "recall": 0.8943910201390585,
    "recall std": 0.0004620024323971829,
    "val_recall": 0.8930971026420593,
    "val_recall std": 0.0019571604887450903,
    "accuracy": 0.9065544009208679,
    "accuracy std": 0.00014700552506994975,
    "val_accuracy": 0.905823548634847,
    "val_accuracy std": 0.00013169942064954142,
    "loss": 0.02810024345914523,
    "loss std": 4.859092689315447e-05,
    "val_loss": 0.027550294374426205,
    "val_loss std": 6.382819989798671e-05,
    "epochs": 40.0,
    "epochs std": 0.0,
    "best_val_loss": 0.027462627738714218,
    "best_val_iter": 2,
    "test a-mAP": 0.6640056595429599,
    "test a-mAP std": 0.0016193944451496922
}