{
    "auc": 0.9430777231852213,
    "auc std": 0.0004507586994314954,
    "val_auc": 0.953549345334371,
    "val_auc std": 0.003940060643224165,
    "precision": 0.9088524580001831,
    "precision std": 0.0002971529213790758,
    "val_precision": 0.9240438540776571,
    "val_precision std": 0.0023698893682644853,
    "recall": 0.8851468364397684,
    "recall std": 0.00019414552121041796,
    "val_recall": 0.8851234316825867,
    "val_recall std": 0.0038446667382894912,
    "accuracy": 0.8993103504180908,
    "accuracy std": 0.0001384806912326609,
    "val_accuracy": 0.9089990456899008,
    "val_accuracy std": 0.0009667214062813191,
    "loss": 0.030182629202802975,
    "loss std": 7.982994825072547e-05,
    "val_loss": 0.02763144113123417,
    "val_loss std": 0.0001017296477964965,
    "epochs": 40.0,
    "epochs std": 0.0,
    "best_val_loss": 0.02749885618686676,
    "best_val_iter": 1,
    "test a-mAP": 0.760039608817262,
    "test a-mAP std": 0.0005929902871319857
}