{
    "auc": 0.9591608246167501,
    "auc std": 0.0049057170971811845,
    "val_auc": 0.9247041742006937,
    "val_auc std": 0.006670462277831255,
    "precision": 0.9175394177436829,
    "precision std": 0.0013044192808598942,
    "val_precision": 0.9010094006856283,
    "val_precision std": 0.0022578501777107875,
    "recall": 0.9010769724845886,
    "recall std": 0.0018713211073038843,
    "val_recall": 0.8726630608240763,
    "val_recall std": 0.001804010469461793,
    "accuracy": 0.9125654498736063,
    "accuracy std": 0.0017703059655915722,
    "val_accuracy": 0.888139526049296,
    "val_accuracy std": 0.0009032074976625365,
    "loss": 0.025969662393132847,
    "loss std": 0.0004737300383432924,
    "val_loss": 0.03433603669206301,
    "val_loss std": 0.00017655618701665425,
    "epochs": 38.0,
    "epochs std": 2.8284271247461903,
    "best_val_loss": 0.034132130444049835,
    "best_val_iter": 1,
    "test a-mAP": 0.668948196323436,
    "test a-mAP std": 0.01177710209253473
}