{
    "auc": 0.9424953063329061,
    "auc std": 0.0005327518373802427,
    "val_auc": 0.9591773748397827,
    "val_auc std": 0.0015061879727307906,
    "precision": 0.9069321751594543,
    "precision std": 0.0004456755077768073,
    "val_precision": 0.9172380963961283,
    "val_precision std": 0.001500483536346545,
    "recall": 0.8821777900060018,
    "recall std": 0.0007740124582835124,
    "val_recall": 0.896442194779714,
    "val_recall std": 0.0013222555669222533,
    "accuracy": 0.8968094189961752,
    "accuracy std": 0.0006420483967645261,
    "val_accuracy": 0.9100974400838217,
    "val_accuracy std": 0.0008237528404409329,
    "loss": 0.030817821621894836,
    "loss std": 0.0001878460286463053,
    "val_loss": 0.026775858054558437,
    "val_loss std": 0.0002225649954231589,
    "epochs": 40.0,
    "epochs std": 0.0,
    "best_val_loss": 0.02660169079899788,
    "best_val_iter": 0,
    "test a-mAP": 0.7440504089605077,
    "test a-mAP std": 0.006897621687020583
}