{
    "auc": 0.9421051541964213,
    "auc std": 0.00011034256727732624,
    "val_auc": 0.9549243648846945,
    "val_auc std": 0.00198039800106833,
    "precision": 0.9085713426272074,
    "precision std": 0.0005953071506197886,
    "val_precision": 0.9238129456837972,
    "val_precision std": 0.002729836752238706,
    "recall": 0.8853421012560526,
    "recall std": 0.00046480761978592795,
    "val_recall": 0.8860868016878763,
    "val_recall std": 0.0017388997926536486,
    "accuracy": 0.8994150559107462,
    "accuracy std": 0.00038858552092028856,
    "val_accuracy": 0.9091397126515707,
    "val_accuracy std": 0.0008488471725516424,
    "loss": 0.030171789849797886,
    "loss std": 0.0001445811238457116,
    "val_loss": 0.027687128633260727,
    "val_loss std": 0.00034156682770637226,
    "epochs": 40.0,
    "epochs std": 0.0,
    "best_val_loss": 0.027206113561987877,
    "best_val_iter": 0,
    "test a-mAP": 0.7587167739193638,
    "test a-mAP std": 0.004207906680767398
}