{
    "auc": 0.9488313794136047,
    "auc std": 0.0001774699446502095,
    "val_auc": 0.9580484827359518,
    "val_auc std": 0.0005595777134497431,
    "precision": 0.9133272171020508,
    "precision std": 0.00014136965263204644,
    "val_precision": 0.9140411814053854,
    "val_precision std": 0.003507637478768828,
    "recall": 0.8943796952565511,
    "recall std": 0.0004802225466014389,
    "val_recall": 0.8903794288635254,
    "val_recall std": 0.0031558328741503245,
    "accuracy": 0.9066860477129618,
    "accuracy std": 0.00010311971426951021,
    "val_accuracy": 0.9047237435976664,
    "val_accuracy std": 0.0008269607048692301,
    "loss": 0.028120444466670353,
    "loss std": 4.0314988119973906e-05,
    "val_loss": 0.027864654858907063,
    "val_loss std": 0.0003354811726582688,
    "epochs": 40.0,
    "epochs std": 0.0,
    "best_val_loss": 0.027421144768595695,
    "best_val_iter": 0,
    "test a-mAP": 0.6657548387958939,
    "test a-mAP std": 0.004176149539292854
}