{
    "auc": 0.962029238541921,
    "auc std": 0.0022065914629374956,
    "val_auc": 0.9251023332277933,
    "val_auc std": 0.0018216739995753507,
    "precision": 0.9132467110951742,
    "precision std": 0.00044040572957364477,
    "val_precision": 0.891100804011027,
    "val_precision std": 0.0017346352619036969,
    "recall": 0.8933042486508688,
    "recall std": 0.00037630042403725234,
    "val_recall": 0.8754225770632426,
    "val_recall std": 0.002810980388454828,
    "accuracy": 0.9060468475023905,
    "accuracy std": 0.0004780674607897225,
    "val_accuracy": 0.8846178849538168,
    "val_accuracy std": 0.000643539932875036,
    "loss": 0.028049330537517864,
    "loss std": 0.00010658935630001905,
    "val_loss": 0.03527546922365824,
    "val_loss std": 6.092836343060838e-05,
    "epochs": 40.0,
    "epochs std": 0.0,
    "best_val_loss": 0.03519047796726227,
    "best_val_iter": 2,
    "test a-mAP": 0.7895265599955104,
    "test a-mAP std": 0.001435930137978642
}