{
    "auc": 0.9599799513816833,
    "auc std": 0.0008910781257340704,
    "val_auc": 0.9309480587641398,
    "val_auc std": 0.0018972349337772084,
    "precision": 0.9178401827812195,
    "precision std": 4.572925941839151e-05,
    "val_precision": 0.89968208471934,
    "val_precision std": 0.0017185608826167829,
    "recall": 0.9024944305419922,
    "recall std": 0.00013963235857690698,
    "val_recall": 0.8744938572247823,
    "val_recall std": 0.0017810886284129073,
    "accuracy": 0.9133187929789225,
    "accuracy std": 0.00010947551570276691,
    "val_accuracy": 0.8884205222129822,
    "val_accuracy std": 0.0005030197182953792,
    "loss": 0.025731925542155903,
    "loss std": 1.620794811355337e-05,
    "val_loss": 0.03426986560225487,
    "val_loss std": 0.0001694761414166811,
    "epochs": 40.0,
    "epochs std": 0.0,
    "best_val_loss": 0.03411097079515457,
    "best_val_iter": 1,
    "test a-mAP": 0.6788070013293598,
    "test a-mAP std": 0.0054091800059252034
}