{
    "auc": 0.939971387386322,
    "auc std": 0.006856017106423568,
    "val_auc": 0.9592568675676981,
    "val_auc std": 0.0016782294906314249,
    "precision": 0.906939705212911,
    "precision std": 0.0006933685079386462,
    "val_precision": 0.920462985833486,
    "val_precision std": 0.0019733976846321123,
    "recall": 0.8822556535402933,
    "recall std": 0.0009151595298167703,
    "val_recall": 0.8931723833084106,
    "val_recall std": 0.0018679237395454074,
    "accuracy": 0.8968391617139181,
    "accuracy std": 0.0006204206261364736,
    "val_accuracy": 0.9103346069653829,
    "val_accuracy std": 0.00029787206525099354,
    "loss": 0.03079308693607648,
    "loss std": 0.0001865959122487223,
    "val_loss": 0.026774295295278232,
    "val_loss std": 0.00010345355211902975,
    "epochs": 40.0,
    "epochs std": 0.0,
    "best_val_loss": 0.026698725298047066,
    "best_val_iter": 0,
    "test a-mAP": 0.7511242167546891,
    "test a-mAP std": 0.00701441319631268
}