{
    "auc": 0.9505834221839905,
    "auc std": 0.0090207254425328,
    "val_auc": 0.9456560214360555,
    "val_auc std": 0.014582431674922364,
    "precision": 0.9119850317637127,
    "precision std": 0.003867419893950393,
    "val_precision": 0.9098200003306071,
    "val_precision std": 0.012490633879271915,
    "recall": 0.8915552258491516,
    "recall std": 0.007152452304534198,
    "val_recall": 0.8839110096295674,
    "val_recall std": 0.0076561584065953266,
    "accuracy": 0.9044611811637878,
    "accuracy std": 0.005822030857530745,
    "val_accuracy": 0.8994472940762839,
    "val_accuracy std": 0.010787201230923778,
    "loss": 0.028573315466443698,
    "loss std": 0.001790846435720079,
    "val_loss": 0.030374282722671824,
    "val_loss std": 0.00362425533541353,
    "epochs": 40.0,
    "epochs std": 0.0,
    "best_val_loss": [
        0.03411097079515457,
        0.03519047796726227,
        0.026698725298047066,
        0.027206113561987877,
        0.027421144768595695
    ],
    "best_val_iter": [
        1,
        2,
        0,
        0,
        0
    ],
    "test a-mAP": 0.7287858781589633,
    "test a-mAP std": 0.04807304936145276,
    "best cv iter": 2,
    "best iter": 0,
    "best valid loss": 0.026698725298047066
}