{
    "auc": 0.941208283106486,
    "auc std": 0.0030971910548451055,
    "val_auc": 0.9597721894582113,
    "val_auc std": 0.0011259617576958503,
    "precision": 0.9073854088783264,
    "precision std": 0.00014073923478199145,
    "val_precision": 0.9224730531374613,
    "val_precision std": 0.002031143485510717,
    "recall": 0.8833843270937601,
    "recall std": 0.0004665801067714407,
    "val_recall": 0.8902880152066549,
    "val_recall std": 0.0025371562925408666,
    "accuracy": 0.8976732889811198,
    "accuracy std": 0.0003049830232659929,
    "val_accuracy": 0.9105760256449381,
    "val_accuracy std": 0.00045059010346242207,
    "loss": 0.030553956205646198,
    "loss std": 6.358547483009962e-05,
    "val_loss": 0.02680594598253568,
    "val_loss std": 0.0002316427303456589,
    "epochs": 40.0,
    "epochs std": 0.0,
    "best_val_loss": 0.02663588523864746,
    "best_val_iter": 1,
    "test a-mAP": 0.7541537845733609,
    "test a-mAP std": 0.007595948523571391
}