{
    "auc": 0.9514466524124146,
    "auc std": 0.00982242232877066,
    "val_auc": 0.9453356027603149,
    "val_auc std": 0.015819204593054484,
    "precision": 0.9128611246744791,
    "precision std": 0.00432749552224898,
    "val_precision": 0.911318560441335,
    "val_precision std": 0.011677656950432248,
    "recall": 0.8925831238428751,
    "recall std": 0.00757877072173944,
    "val_recall": 0.8835968136787414,
    "val_recall std": 0.007946886521010381,
    "accuracy": 0.9053122361501058,
    "accuracy std": 0.006291219477303271,
    "val_accuracy": 0.9001213749249777,
    "val_accuracy std": 0.010736489331474688,
    "loss": 0.028342287490765256,
    "loss std": 0.0018985677437063358,
    "val_loss": 0.030236263945698737,
    "val_loss std": 0.0036764937315876957,
    "epochs": 40.0,
    "epochs std": 0.0,
    "best_val_loss": [
        0.034096669405698776,
        0.03507067263126373,
        0.02663588523864746,
        0.027292294427752495,
        0.027446631342172623
    ],
    "best_val_iter": [
        1,
        0,
        1,
        0,
        0
    ],
    "test a-mAP": 0.7314266837632772,
    "test a-mAP std": 0.04719303173077622,
    "best cv iter": 2,
    "best iter": 1,
    "best valid loss": 0.02663588523864746
}