{
    "auc": 0.94925457239151,
    "auc std": 0.0003432618193063277,
    "val_auc": 0.9581501881281534,
    "val_auc std": 0.0002832081577390667,
    "precision": 0.9139524896939596,
    "precision std": 0.00023706760875657443,
    "val_precision": 0.9141203165054321,
    "val_precision std": 0.0020863488863439557,
    "recall": 0.8944306572278341,
    "recall std": 0.00026845273989137313,
    "val_recall": 0.8923030296961466,
    "val_recall std": 0.0024761339210088657,
    "accuracy": 0.9067596594492594,
    "accuracy std": 0.0002323013389005133,
    "val_accuracy": 0.9057938059171041,
    "val_accuracy std": 0.0003723023116783668,
    "loss": 0.028065232560038567,
    "loss std": 0.00010279620929531884,
    "val_loss": 0.027561418091257412,
    "val_loss std": 0.00014924473865879178,
    "epochs": 40.0,
    "epochs std": 0.0,
    "best_val_loss": 0.027446631342172623,
    "best_val_iter": 0,
    "test a-mAP": 0.6634901874509501,
    "test a-mAP std": 0.0006867666046839096
}