{
    "auc": 0.9618893067042033,
    "auc std": 0.0012677279210134562,
    "val_auc": 0.9221990505854288,
    "val_auc std": 0.0030779006795631394,
    "precision": 0.9141880671183268,
    "precision std": 0.00020997136556613364,
    "val_precision": 0.8943609197934469,
    "val_precision std": 0.003238476583284538,
    "recall": 0.8946206370989481,
    "recall std": 0.00011228500879140741,
    "val_recall": 0.8739338517189026,
    "val_recall std": 0.003155365137938706,
    "accuracy": 0.9069660703341166,
    "accuracy std": 0.0001590994076974879,
    "val_accuracy": 0.8852794965108236,
    "val_accuracy std": 0.00024297567309176265,
    "loss": 0.027827126905322075,
    "loss std": 1.990690759803436e-05,
    "val_loss": 0.035207933435837425,
    "val_loss std": 0.00010164956810230163,
    "epochs": 40.0,
    "epochs std": 0.0,
    "best_val_loss": 0.03507067263126373,
    "best_val_iter": 0,
    "test a-mAP": 0.7896928104782736,
    "test a-mAP std": 0.0034928675894494504
}