{
    "auc": 0.9410005807876587,
    "auc std": 0.00011285098155797478,
    "val_auc": 0.9562174280484518,
    "val_auc std": 0.0017561833696997289,
    "precision": 0.9090970555941263,
    "precision std": 0.0005094789481937473,
    "val_precision": 0.9241660634676615,
    "val_precision std": 0.0028010204977677,
    "recall": 0.8857297897338867,
    "recall std": 0.00044116603483081976,
    "val_recall": 0.8872633377710978,
    "val_recall std": 0.003305128808928819,
    "accuracy": 0.8996938069661459,
    "accuracy std": 0.00037162064851733805,
    "val_accuracy": 0.9098174770673116,
    "val_accuracy std": 0.0005434580659008857,
    "loss": 0.03005967289209366,
    "loss std": 0.00010812066290074245,
    "val_loss": 0.027389710148175556,
    "val_loss std": 9.173181495642201e-05,
    "epochs": 40.0,
    "epochs std": 0.0,
    "best_val_loss": 0.027292294427752495,
    "best_val_iter": 0,
    "test a-mAP": 0.7604218451491258,
    "test a-mAP std": 0.002037716932942925
}