{
    "auc": 0.9638805190722147,
    "auc std": 0.0035507260121497254,
    "val_auc": 0.9303391575813293,
    "val_auc std": 0.0030780703779062077,
    "precision": 0.9196826020876566,
    "precision std": 0.00041031320936566216,
    "val_precision": 0.9014724493026733,
    "val_precision std": 0.003077384322135097,
    "recall": 0.9047502080599467,
    "recall std": 0.0005731271000784181,
    "val_recall": 0.8741958340009054,
    "val_recall std": 0.0024216922773132193,
    "accuracy": 0.9154683550198873,
    "accuracy std": 0.00031911568046219334,
    "val_accuracy": 0.8891400694847107,
    "val_accuracy std": 0.0005631823098004006,
    "loss": 0.025205448890725773,
    "loss std": 7.842500992793351e-05,
    "val_loss": 0.034216312070687614,
    "val_loss std": 9.085972449775079e-05,
    "epochs": 40.0,
    "epochs std": 0.0,
    "best_val_loss": 0.034096669405698776,
    "best_val_iter": 1,
    "test a-mAP": 0.6893747911646759,
    "test a-mAP std": 0.004150934638269113
}