{
    "a_mAP": 0.783818746505229,
    "a_mAP_per_class": [
        0.16306679563417745,
        0.8649282508566916,
        0.8967853431265617,
        0.899151402760105,
        0.9010366234064106,
        0.6067330024989048,
        0.6478691536235495,
        0.8514623157884332,
        0.8900716088067029,
        0.8962924634718206,
        0.8740403549091392,
        0.8400068286925566,
        0.7907816944949887,
        0.9039161501175734,
        0.9036037523739602,
        0.861471861471861,
        0.5337010885554573
    ],
    "a_mAP_visible": 0.8348610277861916,
    "a_mAP_per_class_visible": [
        0.46459487412165357,
        0.9560877297672369,
        0.9005355133503602,
        0.9051832777390963,
        0.9048268627984407,
        0.6071571410325975,
        0.6480902691693966,
        0.8901079273562634,
        0.8935293681093424,
        0.900850682537087,
        0.875587018413075,
        0.861921502844197,
        0.8078566825092967,
        0.9050155122386769,
        0.9045398636252887,
        0.9740259740259739,
        0.7927272727272728
    ],
    "a_mAP_unshown": 0.791834127212869,
    "a_mAP_per_class_unshown": [
        0.0,
        0.8473944231837145,
        0.0,
        0.7323383208966537,
        0.9344488844488843,
        0.7272727272727274,
        0.39259316151443163,
        0.8123953629325471,
        0.8556286217939891,
        0.8756906184002621,
        0.7771095364593669,
        0.8099250491906027,
        0.7552578579270596,
        0.9152748155864111,
        0.8585142741606461,
        0.0,
        0.0
    ]
}