{
    "a_mAP": 0.8005524408199759,
    "a_mAP_per_class": [
        0.4984799198920378,
        0.8280369253002597,
        0.8952372621756617,
        0.9000645616014725,
        0.8693127256891929,
        0.4756500932077067,
        0.6191886474374431,
        0.8087529263366956,
        0.8718052291490221,
        0.8825420724611227,
        0.8505184602724779,
        0.8086819016550695,
        0.7500652768052056,
        0.893235575648103,
        0.9014607674356033,
        0.9646236116824357,
        0.7917355371900826
    ],
    "a_mAP_visible": 0.8416801879751955,
    "a_mAP_per_class_visible": [
        0.7680031732944016,
        0.9463450397344498,
        0.9024532683099391,
        0.9037502742693856,
        0.8756759952920601,
        0.47654430898697203,
        0.6236698933757675,
        0.8599146911215676,
        0.8761451667646319,
        0.8888031101106457,
        0.8525829066508226,
        0.840707713458923,
        0.7784807714173755,
        0.8930739099275631,
        0.9016337520845987,
        0.9935064935064937,
        0.9272727272727276
    ],
    "a_mAP_unshown": 0.7316391622667353,
    "a_mAP_per_class_unshown": [
        0.0,
        0.792841701519173,
        0.0,
        0.7702026425333925,
        0.8424133825730201,
        0.3636363636363637,
        0.3954927207871781,
        0.7632402392350646,
        0.8477773019511549,
        0.8620547003746989,
        0.7042747427651291,
        0.7602681710667292,
        0.6771732385039544,
        0.9150984483973232,
        0.8168354561243785,
        0.0,
        0.0
    ]
}