{
    "a_mAP": 0.6859296349895309,
    "a_mAP_per_class": [
        0.003462817428630865,
        0.8090897208375015,
        0.9026715478515462,
        0.8750968206347868,
        0.8706663613445488,
        0.3667013981528606,
        0.5040122942701911,
        0.801450623670253,
        0.8727233764572162,
        0.8819817873842614,
        0.8560576761620304,
        0.7736204572629187,
        0.7556288669221576,
        0.896258627602574,
        0.8984849042873276,
        0.5804644758524222,
        0.012432038700798276
    ],
    "a_mAP_visible": 0.7192275169535306,
    "a_mAP_per_class_visible": [
        0.017961962731036892,
        0.9270321063869986,
        0.9069766200624865,
        0.8954895268817062,
        0.8748391198731845,
        0.3678773010794032,
        0.5061464031263327,
        0.8455814651759734,
        0.8776954868031436,
        0.8892451475502887,
        0.857581746749077,
        0.7962210227853468,
        0.7727845047915928,
        0.8992249374817984,
        0.9014294845112455,
        0.7515757508237456,
        0.1392052013966605
    ],
    "a_mAP_unshown": 0.7581523227924488,
    "a_mAP_per_class_unshown": [
        0.0,
        0.7743049557912979,
        0.0,
        0.6084023598124794,
        0.8836706090294608,
        0.7272727272727274,
        0.41049614371059207,
        0.7623088433589692,
        0.8363218066786126,
        0.8593815542413469,
        0.7492277138689946,
        0.7371431190939716,
        0.7644624623771384,
        0.9271049490925004,
        0.8158829519737428,
        0.0,
        0.0
    ]
}