{
    "auc": 0.9447968602180481,
    "auc std": 0.0008661306495305116,
    "val_auc": 0.9555769364039103,
    "val_auc std": 0.0003525483899166736,
    "precision": 0.9068272312482198,
    "precision std": 6.395435497069942e-05,
    "val_precision": 0.9060801466306051,
    "val_precision std": 0.0018385996642251315,
    "recall": 0.8831009666124979,
    "recall std": 0.00034243725679805885,
    "val_recall": 0.8834280570348104,
    "val_recall std": 0.002860891386049205,
    "accuracy": 0.8971285820007324,
    "accuracy std": 0.00029243608783908277,
    "val_accuracy": 0.8968593875567118,
    "val_accuracy std": 0.0004464643078440067,
    "loss": 0.030975282813111942,
    "loss std": 7.267945749733239e-05,
    "val_loss": 0.030389174198110897,
    "val_loss std": 0.00014602849487049962,
    "epochs": 40.0,
    "epochs std": 0.0,
    "best_val_loss": 0.030254293233156204,
    "best_val_iter": 0,
    "test a-mAP": 0.6442610139494609,
    "test a-mAP std": 0.0021907058492924183
}