{
    "auc": 0.9346834619839987,
    "auc std": 0.0006881388589985714,
    "val_auc": 0.9517165025075277,
    "val_auc std": 0.0004220087826448387,
    "precision": 0.9015459418296814,
    "precision std": 0.00021351099823183214,
    "val_precision": 0.9131548404693604,
    "val_precision std": 0.0024664578377445105,
    "recall": 0.8733788331349691,
    "recall std": 0.0004981644752467433,
    "val_recall": 0.8822503487269083,
    "val_recall std": 0.002677625247840901,
    "accuracy": 0.8892303307851156,
    "accuracy std": 0.0003855913808371824,
    "val_accuracy": 0.8993354042371114,
    "val_accuracy std": 0.00039766264384654765,
    "loss": 0.03330343837539355,
    "loss std": 0.00013471705246628196,
    "val_loss": 0.03002654140194257,
    "val_loss std": 8.660718205397471e-05,
    "epochs": 40.0,
    "epochs std": 0.0,
    "best_val_loss": 0.029916880652308464,
    "best_val_iter": 2,
    "test a-mAP": 0.7439903875334455,
    "test a-mAP std": 0.004166088800175359
}