{
    "auc": 0.9616780082384745,
    "auc std": 0.0011654382750932268,
    "val_auc": 0.909766693909963,
    "val_auc std": 0.0019771431159661774,
    "precision": 0.9119337399800619,
    "precision std": 0.00026333250813924647,
    "val_precision": 0.8937615354855856,
    "val_precision std": 0.0024674606601088906,
    "recall": 0.8922110001246134,
    "recall std": 0.00039201865765126206,
    "val_recall": 0.8653272191683451,
    "val_recall std": 0.0021854178926595286,
    "accuracy": 0.9041979511578878,
    "accuracy std": 0.00015743355115264447,
    "val_accuracy": 0.8803438146909078,
    "val_accuracy std": 0.0003911815323051502,
    "loss": 0.02838900995751222,
    "loss std": 9.126445449371225e-05,
    "val_loss": 0.036559720834096275,
    "val_loss std": 7.273582606056125e-05,
    "epochs": 40.0,
    "epochs std": 0.0,
    "best_val_loss": 0.03648644685745239,
    "best_val_iter": 0,
    "test a-mAP": 0.6725378085305086,
    "test a-mAP std": 0.005620140581163646
}