{
    "auc": 0.9346820513407389,
    "auc std": 0.001407377959382484,
    "val_auc": 0.9542698462804159,
    "val_auc std": 0.0015911273057267888,
    "precision": 0.9001913070678711,
    "precision std": 0.0002738212340169426,
    "val_precision": 0.913294275601705,
    "val_precision std": 0.0015292838149501987,
    "recall": 0.8714291850725809,
    "recall std": 0.00044826659028933803,
    "val_recall": 0.8853917916615804,
    "val_recall std": 0.001976526225588566,
    "accuracy": 0.8873070478439331,
    "accuracy std": 0.00023354226067033682,
    "val_accuracy": 0.9017704327901205,
    "val_accuracy std": 0.0010442179779819143,
    "loss": 0.033670334766308464,
    "loss std": 5.062886909393414e-05,
    "val_loss": 0.02955898828804493,
    "val_loss std": 0.0002526266920845256,
    "epochs": 40.0,
    "epochs std": 0.0,
    "best_val_loss": 0.029229670763015747,
    "best_val_iter": 0,
    "test a-mAP": 0.7434527215855594,
    "test a-mAP std": 0.006295280956493117
}