{
    "auc": 0.9495754241943359,
    "auc std": 0.002497282118852913,
    "val_auc": 0.9138601819674174,
    "val_auc std": 0.006197807854610881,
    "precision": 0.9058595299720764,
    "precision std": 0.0001414973676308761,
    "val_precision": 0.8892547289530436,
    "val_precision std": 0.004135104656903782,
    "recall": 0.8806212345759074,
    "recall std": 0.0006294311999171343,
    "val_recall": 0.8604971965154012,
    "val_recall std": 0.00463507219745671,
    "accuracy": 0.8951327204704285,
    "accuracy std": 0.0005642448336326944,
    "val_accuracy": 0.875252922375997,
    "val_accuracy std": 0.00019239615077295137,
    "loss": 0.031238054856657982,
    "loss std": 0.000134949954145239,
    "val_loss": 0.037894781678915024,
    "val_loss std": 4.143967260243883e-05,
    "epochs": 40.0,
    "epochs std": 0.0,
    "best_val_loss": 0.03786274790763855,
    "best_val_iter": 1,
    "test a-mAP": 0.7652706184966608,
    "test a-mAP std": 0.004567570548118112
}