{
    "auc": 0.9450831611951191,
    "auc std": 0.010119171639819437,
    "val_auc": 0.937038032213847,
    "val_auc std": 0.020673763613268014,
    "precision": 0.9052715500195821,
    "precision std": 0.004167485198828024,
    "val_precision": 0.90310910542806,
    "val_precision std": 0.009927762901623678,
    "recall": 0.8801482439041137,
    "recall std": 0.007433697441684808,
    "val_recall": 0.875378922621409,
    "val_recall std": 0.01034180953360227,
    "accuracy": 0.8945993264516195,
    "accuracy std": 0.006013629200788197,
    "val_accuracy": 0.8907123923301696,
    "val_accuracy std": 0.01077891234774335,
    "loss": 0.03151522415379683,
    "loss std": 0.001896511878485843,
    "val_loss": 0.03288584128022194,
    "val_loss std": 0.00357949069110168,
    "epochs": 40.0,
    "epochs std": 0.0,
    "best_val_loss": [
        0.03648644685745239,
        0.03786274790763855,
        0.029229670763015747,
        0.029916880652308464,
        0.030254293233156204
    ],
    "best_val_iter": [
        0,
        1,
        0,
        2,
        0
    ],
    "test a-mAP": 0.7139025100191271,
    "test a-mAP std": 0.046857559581269394,
    "best cv iter": 2,
    "best iter": 0,
    "best valid loss": 0.029229670763015747
}