{
    "a_mAP": 0.7429164788422136,
    "a_mAP_per_class": [
        0.08176143214855659,
        0.8648615615540727,
        0.8973803430361915,
        0.8981068284674033,
        0.8970535760555992,
        0.5978889560519604,
        0.6379583772387035,
        0.8538702894699813,
        0.8928495930654269,
        0.8950227518445133,
        0.8724344530627011,
        0.8378999071431251,
        0.8023617378930524,
        0.9076028406827213,
        0.897859178638933,
        0.5715227611665145,
        0.2231455527981763
    ],
    "a_mAP_visible": 0.8092720815714602,
    "a_mAP_per_class_visible": [
        0.33835041316617437,
        0.9624214232670556,
        0.9022132530378566,
        0.9096253467510085,
        0.901140592556127,
        0.598375905053474,
        0.6414519677623031,
        0.895983166195233,
        0.8955304726099615,
        0.9014707062076718,
        0.8734416154361108,
        0.865320447106448,
        0.8233904234781086,
        0.9095123828896622,
        0.8995164500042366,
        0.8754065857514134,
        0.5644742354419775
    ],
    "a_mAP_unshown": 0.7766385199170265,
    "a_mAP_per_class_unshown": [
        0.0,
        0.848853155493553,
        0.0,
        0.7123453124897894,
        0.9219304152637485,
        0.6280991735537188,
        0.40553707868506306,
        0.8077026165246135,
        0.859510755948543,
        0.8745195296783733,
        0.778917871289844,
        0.7935723253944686,
        0.7405972135122635,
        0.9275270469169743,
        0.7971882641703921,
        0.0,
        0.0
    ]
}