{
    "a_mAP": 0.7531259586373373,
    "a_mAP_per_class": [
        0.04128952031956534,
        0.867703115810292,
        0.8961712730460994,
        0.8989731171400492,
        0.8968196447734791,
        0.5746570382226522,
        0.6527620046259155,
        0.8496828456781195,
        0.8904164575389685,
        0.8953791542673666,
        0.8694035592528284,
        0.837905370733925,
        0.7902638319094347,
        0.9103635197919556,
        0.9011059234128783,
        0.6126738622454656,
        0.41757105806574124
    ],
    "a_mAP_visible": 0.8045622463499652,
    "a_mAP_per_class_visible": [
        0.20838087506671615,
        0.9536066400786122,
        0.9025419804092817,
        0.9094795318290548,
        0.9009805069340033,
        0.5751862121987088,
        0.6554588843450249,
        0.8919647467535842,
        0.8933465507656657,
        0.9013131243150853,
        0.8711182945202893,
        0.8637927624605158,
        0.8067328581227564,
        0.910234844430579,
        0.9026270269000155,
        0.8274713922441191,
        0.7033219565753973
    ],
    "a_mAP_unshown": 0.7805067903383254,
    "a_mAP_per_class_unshown": [
        0.0,
        0.8520633531044758,
        0.0,
        0.6944394923165923,
        0.937274880484642,
        0.6280991735537188,
        0.4037271106789823,
        0.8037853282085506,
        0.8566165946844776,
        0.8730659317315529,
        0.7832317851653962,
        0.7990233942652215,
        0.7541009149717709,
        0.9443931367830859,
        0.816767178449765,
        0.0,
        0.0
    ]
}