{
    "a_mAP": 0.5771519048083985,
    "a_mAP_per_class": [
        0.11730470175784018,
        0.5974104342608414,
        0.8136614868247268,
        0.7687781077185243,
        0.5372487823630097,
        0.49745717154258845,
        0.5233431917243482,
        0.6610535124827254,
        0.849078118748233,
        0.8582943461795033,
        0.7799633462511089,
        0.5701209151544904,
        0.5865369245233323,
        0.8673716217292106,
        0.7232111544933109,
        0.02695654082101738,
        0.033792025167964215
    ],
    "a_mAP_visible": 0.6503350057359253,
    "a_mAP_per_class_visible": [
        0.19080117899367427,
        0.8378897285710175,
        0.8283810105608201,
        0.8531654856022101,
        0.5479643210175932,
        0.5020677829705706,
        0.5261976788408708,
        0.81553363782627,
        0.8566856961590011,
        0.8842540630722543,
        0.7853651447655303,
        0.6149855000362462,
        0.6585316473106345,
        0.8747823233282067,
        0.773425521787756,
        0.2550529750826459,
        0.2506114015854275
    ],
    "a_mAP_unshown": 0.4331309720923627,
    "a_mAP_per_class_unshown": [
        0.0,
        0.4996542448081697,
        0.0,
        0.284766485756533,
        0.4955943957617299,
        0.127930892636775,
        0.035501810029406916,
        0.5103438994901522,
        0.7792425259198364,
        0.7744273104428544,
        0.5289184654849356,
        0.5210758067268866,
        0.14836693959009495,
        0.7937842031648533,
        0.13109565738848689,
        0.0,
        0.0
    ]
}