{
    "auc": 0.9422129193941752,
    "auc std": 0.004222536642534511,
    "val_auc": 0.9379882216453552,
    "val_auc std": 0.002806043622497674,
    "precision": 0.8891108632087708,
    "precision std": 0.00027662393416860975,
    "val_precision": 0.8578149080276489,
    "val_precision std": 0.005241578367263362,
    "recall": 0.8280638058980306,
    "recall std": 0.001923890530127294,
    "val_recall": 0.7696834802627563,
    "val_recall std": 0.006285952974638943,
    "accuracy": 0.8662204146385193,
    "accuracy std": 0.0011925220799731784,
    "val_accuracy": 0.8191360632578532,
    "val_accuracy std": 0.0017825782139589091,
    "loss": 0.04346581424276034,
    "loss std": 0.0003562303993931506,
    "val_loss": 0.056736902644236885,
    "val_loss std": 5.0571965788023286e-05,
    "epochs": 40.0,
    "epochs std": 0.0,
    "best_val_loss": 0.0566660575568676,
    "best_val_iter": 1,
    "test a-mAP": 0.6720125895628059,
    "test a-mAP std": 0.009141833123312066
}