{
    "auc": 0.9617457588513693,
    "auc std": 0.00011247921678256818,
    "val_auc": 0.9362699786822001,
    "val_auc std": 0.000830395397258682,
    "precision": 0.9068926771481832,
    "precision std": 0.0006273642695550339,
    "val_precision": 0.8570373257001241,
    "val_precision std": 0.0012345494071470534,
    "recall": 0.8640357454617819,
    "recall std": 0.0002702716837592721,
    "val_recall": 0.7624940474828085,
    "val_recall std": 0.003219911291836383,
    "accuracy": 0.893124520778656,
    "accuracy std": 0.00045003053604893845,
    "val_accuracy": 0.8166123231252035,
    "val_accuracy std": 0.0004795312875872026,
    "loss": 0.03549822916587194,
    "loss std": 0.00010387983730586626,
    "val_loss": 0.058339137583971024,
    "val_loss std": 5.120624769774459e-05,
    "epochs": 40.0,
    "epochs std": 0.0,
    "best_val_loss": 0.058274462819099426,
    "best_val_iter": 2,
    "test a-mAP": 0.614765447455614,
    "test a-mAP std": 0.0044920117543477255
}