{
    "auc": 0.9492831627527872,
    "auc std": 0.0018295818612955204,
    "val_auc": 0.9555130998293558,
    "val_auc std": 0.0034048106523282607,
    "precision": 0.878470242023468,
    "precision std": 0.0001907924289558668,
    "val_precision": 0.904380718866984,
    "val_precision std": 0.00822134988819821,
    "recall": 0.8081830143928528,
    "recall std": 0.0027484985216076354,
    "val_recall": 0.8319854935010275,
    "val_recall std": 0.01009281992771828,
    "accuracy": 0.850316067536672,
    "accuracy std": 0.0015966924270761017,
    "val_accuracy": 0.8779264489809672,
    "val_accuracy std": 0.0007865835377345142,
    "loss": 0.04729196925957998,
    "loss std": 0.0004995610295510954,
    "val_loss": 0.04110623151063919,
    "val_loss std": 0.0002589439065607547,
    "epochs": 40.0,
    "epochs std": 0.0,
    "best_val_loss": 0.040865011513233185,
    "best_val_iter": 2,
    "test a-mAP": 0.6550368931667415,
    "test a-mAP std": 0.007203144758195971
}