{
    "auc": 0.9501164356867472,
    "auc std": 0.001213145510797199,
    "val_auc": 0.9519731998443604,
    "val_auc std": 0.005348117642278229,
    "precision": 0.8776577909787496,
    "precision std": 0.0008700463494620124,
    "val_precision": 0.9142962495485941,
    "val_precision std": 0.003742977735232536,
    "recall": 0.8084080815315247,
    "recall std": 0.0012024715559797092,
    "val_recall": 0.8313010334968567,
    "val_recall std": 0.003966610639578412,
    "accuracy": 0.8503825664520264,
    "accuracy std": 0.0002909391101516165,
    "val_accuracy": 0.8835299611091614,
    "val_accuracy std": 0.0015020338063482588,
    "loss": 0.04735300689935684,
    "loss std": 0.0001419480238318165,
    "val_loss": 0.038982897996902466,
    "val_loss std": 0.0004240371868295222,
    "epochs": 40.0,
    "epochs std": 0.0,
    "best_val_loss": 0.03856419771909714,
    "best_val_iter": 1,
    "test a-mAP": 0.6851520450976977,
    "test a-mAP std": 0.0015824669666524647
}