{
    "auc": 0.9516501943270365,
    "auc std": 0.006472273874831402,
    "val_auc": 0.9484477082888285,
    "val_auc std": 0.009645319590396346,
    "precision": 0.8887699365615844,
    "precision std": 0.010647113860132802,
    "val_precision": 0.8884875377019246,
    "val_precision std": 0.025556306482647995,
    "recall": 0.8286899606386822,
    "recall std": 0.020583688543109643,
    "val_recall": 0.80549236536026,
    "val_recall std": 0.03225412025180475,
    "accuracy": 0.8659461259841919,
    "accuracy std": 0.015743303855406145,
    "val_accuracy": 0.8552838206291199,
    "val_accuracy std": 0.030611587071348652,
    "loss": 0.043179961293935774,
    "loss std": 0.004340605271830287,
    "val_loss": 0.04691524977485339,
    "val_loss std": 0.008717219196789288,
    "epochs": 40.0,
    "epochs std": 0.0,
    "best_val_loss": [
        0.058274462819099426,
        0.0566660575568676,
        0.03856419771909714,
        0.040865011513233185,
        0.03908292204141617
    ],
    "best_val_iter": [
        2,
        1,
        1,
        2,
        0
    ],
    "test a-mAP": 0.6444453079922104,
    "test a-mAP std": 0.03414471145668462,
    "best cv iter": 2,
    "best iter": 1,
    "best valid loss": 0.03856419771909714
}