{
    "auc": 0.9548926949501038,
    "auc std": 0.0017145484976449233,
    "val_auc": 0.9604940414428711,
    "val_auc std": 0.0015146512419517135,
    "precision": 0.8917181094487509,
    "precision std": 0.0006256051428227585,
    "val_precision": 0.908908486366272,
    "val_precision std": 0.007205492422520159,
    "recall": 0.8347591559092203,
    "recall std": 0.0020203061362288554,
    "val_recall": 0.8319977720578512,
    "val_recall std": 0.00985780808244379,
    "accuracy": 0.8696870605150858,
    "accuracy std": 0.0009374559288412002,
    "val_accuracy": 0.8792143066724142,
    "val_accuracy std": 0.0020928819618500575,
    "loss": 0.04229078690210978,
    "loss std": 0.0004432756768612485,
    "val_loss": 0.03941107913851738,
    "val_loss std": 0.0003564767112758937,
    "epochs": 40.0,
    "epochs std": 0.0,
    "best_val_loss": 0.03908292204141617,
    "best_val_iter": 0,
    "test a-mAP": 0.5952595646781936,
    "test a-mAP std": 0.01470479353473747
}