{
    "auc": 0.950315793355306,
    "auc std": 0.00022124258379733423,
    "val_auc": 0.9585557381312052,
    "val_auc std": 0.00016542345664687322,
    "precision": 0.9148447712262472,
    "precision std": 0.000542122584792861,
    "val_precision": 0.914375106493632,
    "val_precision std": 0.0021695849687451,
    "recall": 0.8960613012313843,
    "recall std": 0.0004011779635879465,
    "val_recall": 0.8961629867553711,
    "val_recall std": 0.0019320183781541117,
    "accuracy": 0.908270001411438,
    "accuracy std": 0.0005148145631416435,
    "val_accuracy": 0.908091127872467,
    "val_accuracy std": 0.00044825296007227657,
    "loss": 0.027637775987386703,
    "loss std": 0.00010797610329488663,
    "val_loss": 0.02705114521086216,
    "val_loss std": 3.457965200516111e-05,
    "epochs": 40.0,
    "epochs std": 0.0,
    "best_val_loss": 0.02700391411781311,
    "best_val_iter": 0,
    "test a-mAP": 0.6677206177636951,
    "test a-mAP std": 0.004355131147411285
}