{
    "auc": 0.9445900321006775,
    "auc std": 0.0021854732661231537,
    "val_auc": 0.9595901370048523,
    "val_auc std": 0.00045190825820022145,
    "precision": 0.909936527411143,
    "precision std": 0.00029661943240393126,
    "val_precision": 0.9206741054852804,
    "val_precision std": 0.0037701811273780908,
    "recall": 0.8869211872418722,
    "recall std": 0.0005023696652616501,
    "val_recall": 0.8931416670481364,
    "val_recall std": 0.004549117867116464,
    "accuracy": 0.9008639454841614,
    "accuracy std": 0.00045582004568032314,
    "val_accuracy": 0.9100774923960367,
    "val_accuracy std": 0.0004757899724841568,
    "loss": 0.029746470972895622,
    "loss std": 8.696289459854705e-05,
    "val_loss": 0.027156364793578785,
    "val_loss std": 0.00011012505031039876,
    "epochs": 40.0,
    "epochs std": 0.0,
    "best_val_loss": 0.027071047574281693,
    "best_val_iter": 1,
    "test a-mAP": 0.7749590917222425,
    "test a-mAP std": 0.003914642675088944
}