{
    "auc": 0.9463063478469849,
    "auc std": 0.0009183174957648053,
    "val_auc": 0.9611392617225647,
    "val_auc std": 0.00031742101994761905,
    "precision": 0.9085948268572489,
    "precision std": 0.00018060387250985727,
    "val_precision": 0.9209503531455994,
    "val_precision std": 0.0019301385912784204,
    "recall": 0.8846942583719889,
    "recall std": 0.0002727211562041622,
    "val_recall": 0.8948072989781698,
    "val_recall std": 0.0025115096725531593,
    "accuracy": 0.8990002274513245,
    "accuracy std": 0.00027344028206257735,
    "val_accuracy": 0.9120542407035828,
    "val_accuracy std": 0.000708038526678349,
    "loss": 0.030250553662578266,
    "loss std": 7.025011291987198e-05,
    "val_loss": 0.02664186122516791,
    "val_loss std": 0.00020482601006445217,
    "epochs": 40.0,
    "epochs std": 0.0,
    "best_val_loss": 0.02636636234819889,
    "best_val_iter": 0,
    "test a-mAP": 0.7827264733064495,
    "test a-mAP std": 0.0014975797957156181
}