{
    "auc": 0.9644030928611755,
    "auc std": 0.003258667136325902,
    "val_auc": 0.9229097565015157,
    "val_auc std": 0.0021014820697697156,
    "precision": 0.9145196874936422,
    "precision std": 0.0003989622619328104,
    "val_precision": 0.8971629937489828,
    "val_precision std": 0.0018063962373016675,
    "recall": 0.8953696290651957,
    "recall std": 0.0009222643877464138,
    "val_recall": 0.8711515069007874,
    "val_recall std": 0.001626913635366967,
    "accuracy": 0.907740592956543,
    "accuracy std": 0.0006933311911003304,
    "val_accuracy": 0.8859835863113403,
    "val_accuracy std": 0.00017268544695999503,
    "loss": 0.027614158267776173,
    "loss std": 0.00019859569829277146,
    "val_loss": 0.03503979245821635,
    "val_loss std": 7.232334720632854e-05,
    "epochs": 40.0,
    "epochs std": 0.0,
    "best_val_loss": 0.03494676947593689,
    "best_val_iter": 0,
    "test a-mAP": 0.7944333968867264,
    "test a-mAP std": 0.006308949707763237
}