{
    "auc": 0.9656210541725159,
    "auc std": 0.0023166463252411625,
    "val_auc": 0.9337596694628397,
    "val_auc std": 0.0013384304667453187,
    "precision": 0.9204315344492594,
    "precision std": 0.00038043772075905006,
    "val_precision": 0.8983678023020426,
    "val_precision std": 0.00020055765425930794,
    "recall": 0.9054596622784933,
    "recall std": 0.0007600190636711547,
    "val_recall": 0.879752000172933,
    "val_recall std": 0.001487372713602457,
    "accuracy": 0.9160333673159281,
    "accuracy std": 0.0005059167492497777,
    "val_accuracy": 0.8903364539146423,
    "val_accuracy std": 0.0010112695169947519,
    "loss": 0.024949538211027782,
    "loss std": 0.00017718940215998417,
    "val_loss": 0.03407566497723261,
    "val_loss std": 0.00013994081172946044,
    "epochs": 40.0,
    "epochs std": 0.0,
    "best_val_loss": 0.03391776233911514,
    "best_val_iter": 0,
    "test a-mAP": 0.6851489081412505,
    "test a-mAP std": 0.0034417615334855745
}