{
    "auc": 0.9542472640673318,
    "auc std": 0.008992004242464567,
    "val_auc": 0.9471909125645956,
    "val_auc std": 0.01579512141219588,
    "precision": 0.913665469487508,
    "precision std": 0.00418369458140347,
    "val_precision": 0.9103060722351074,
    "val_precision std": 0.010513007851821984,
    "recall": 0.8937012076377868,
    "recall std": 0.007398766640639564,
    "val_recall": 0.8870030919710796,
    "val_recall std": 0.00986247945449145,
    "accuracy": 0.9063816269238789,
    "accuracy std": 0.0060580311343264494,
    "val_accuracy": 0.9013085802396137,
    "val_accuracy std": 0.010895953254292545,
    "loss": 0.02803969942033291,
    "loss std": 0.0018810991271624325,
    "val_loss": 0.029992965733011568,
    "val_loss std": 0.0037435119182293174,
    "epochs": 40.0,
    "epochs std": 0.0,
    "best_val_loss": [
        0.03391776233911514,
        0.03494676947593689,
        0.02636636234819889,
        0.027071047574281693,
        0.02700391411781311
    ],
    "best_val_iter": [
        0,
        0,
        0,
        1,
        0
    ],
    "test a-mAP": 0.7409976975640727,
    "test a-mAP std": 0.05336414280074374,
    "best cv iter": 2,
    "best iter": 0,
    "best valid loss": 0.02636636234819889
}