{
    "auc": 0.47047150135040283,
    "auc std": 0.0,
    "val_auc": 0.472222238779068,
    "val_auc std": 0.0,
    "precision": 0.8792837858200073,
    "precision std": 0.0,
    "val_precision": 0.8813400864601135,
    "val_precision std": 0.0,
    "recall": 0.8792837858200073,
    "recall std": 0.0,
    "val_recall": 0.8813400864601135,
    "val_recall std": 0.0,
    "accuracy": 0.8792837858200073,
    "accuracy std": 0.0,
    "val_accuracy": 0.8813400864601135,
    "val_accuracy std": 0.0,
    "loss": 0.05631306767463684,
    "loss std": 0.0,
    "val_loss": 0.05556173622608185,
    "val_loss std": 0.0,
    "epochs": 50.0,
    "epochs std": 0.0,
    "best_val_loss": [
        0.05556173622608185
    ],
    "best_val_iter": [
        0
    ],
    "test a-mAP": 0.0,
    "test a-mAP std": 0.0,
    "best cv iter": 0,
    "best iter": 0,
    "best valid loss": 0.05556173622608185
}