{
    "auc": 0.5007289052009583,
    "auc std": 0.0,
    "val_auc": 0.5,
    "val_auc std": 0.0,
    "precision": 0.7529901266098022,
    "precision std": 0.0,
    "val_precision": 0.7632529139518738,
    "val_precision std": 0.0,
    "recall": 0.7529901266098022,
    "recall std": 0.0,
    "val_recall": 0.7632529139518738,
    "val_recall std": 0.0,
    "accuracy": 0.7529901266098022,
    "accuracy std": 0.0,
    "val_accuracy": 0.7632529139518738,
    "val_accuracy std": 0.0,
    "loss": 0.09347634017467499,
    "loss std": 0.0,
    "val_loss": 0.09066829085350037,
    "val_loss std": 0.0,
    "epochs": 10.0,
    "epochs std": 0.0,
    "best_val_loss": [
        0.09066829085350037
    ],
    "best_val_iter": [
        0
    ],
    "test a-mAP": 0.023072648447495923,
    "test a-mAP std": 0.0,
    "best cv iter": 0,
    "best iter": 0,
    "best valid loss": 0.09066829085350037
}