{
    "a_mAP": 0.5569782750202983,
    "a_mAP_per_class": [
        0.12599966007109284,
        0.7096602191854076,
        0.7002946533540263,
        0.7535506967618532,
        0.4104186135847705,
        0.5394459977677921,
        0.2975589582599334,
        0.693517205332692,
        0.8372859722748079,
        0.8635043205916169,
        0.7455968898996915,
        0.618422354312642,
        0.5165688102614595,
        0.8990068920540445,
        0.7162330232957723,
        0.006889196475001185,
        0.034677211862467514
    ],
    "a_mAP_visible": 0.6264973086781306,
    "a_mAP_per_class_visible": [
        0.3804473547703124,
        0.8916868531717363,
        0.7265572771253587,
        0.8112810985671343,
        0.453538748271823,
        0.5402333232819108,
        0.299256086748661,
        0.7959650073241914,
        0.8436737538693283,
        0.894034921385515,
        0.7510476449512108,
        0.6954840441436742,
        0.6395669656374271,
        0.9059600287002515,
        0.7641180861826836,
        0.09286833101181403,
        0.16473472238518647
    ],
    "a_mAP_unshown": 0.44662820773600664,
    "a_mAP_per_class_unshown": [
        0.0,
        0.6202808313254512,
        0.0,
        0.32605438640466383,
        0.22762860205043056,
        0.3863636363636363,
        0.10984530782472074,
        0.582077851475402,
        0.7107782439826678,
        0.7817537125486627,
        0.38978299421709045,
        0.4953779218224794,
        0.1707091007842065,
        0.8703660505476954,
        0.13514806122098053,
        0.0,
        0.0
    ]
}