{
    "a_mAP": 0.023072648447495923,
    "a_mAP_per_class": [
        0.0007212482973964399,
        0.008787717201599793,
        0.005664778808064134,
        0.00982814783221173,
        0.007228915662650604,
        0.020201728119632667,
        0.018331003983256374,
        0.028440437189632416,
        0.11173168550430215,
        0.06537498402003326,
        0.04184317975985539,
        0.04220516690719942,
        0.006662308390332433,
        0.017478512951789107,
        0.007346622634745975,
        0.00014222431324634944,
        0.0002463620314823952
    ],
    "a_mAP_visible": 0.02395646092580357,
    "a_mAP_per_class_visible": [
        0.0038925644125284297,
        0.009416055513259806,
        0.0066988828082280094,
        0.015662944489542193,
        0.008802850365324228,
        0.020296375110001014,
        0.017212542370235628,
        0.027973423954415374,
        0.10542731660366811,
        0.06772918244292708,
        0.039463200198109574,
        0.04303308052540132,
        0.008236588264408422,
        0.017697917163795197,
        0.008519776580351105,
        0.0035007644074180745,
        0.0036963705290472553
    ],
    "a_mAP_unshown": 0.02438020663401465,
    "a_mAP_per_class_unshown": [
        0.0,
        0.008560609754527321,
        0.0,
        0.003062372308422096,
        0.0017468734001316467,
        0.003289473684210527,
        0.0030411365957841953,
        0.02738061034212735,
        0.1113755011864823,
        0.057715723390465025,
        0.04347252907108892,
        0.03798930193274111,
        0.0013226840311339472,
        0.01552962782909307,
        0.0024562427159829756,
        0.0,
        0.0
    ]
}