{
    "a_mAP": 0.7582343068898012,
    "a_mAP_per_class": [
        0.06429456612108546,
        0.8661840478402191,
        0.8976230737464146,
        0.8988927988120659,
        0.9005869938176677,
        0.5993735823490453,
        0.6579849060141301,
        0.8531527081808092,
        0.8909768953842861,
        0.8951418331767688,
        0.8709291070826563,
        0.8367628926137681,
        0.8020857568572576,
        0.9080673794409723,
        0.8975495874375792,
        0.7294022051303607,
        0.32097488312153416
    ],
    "a_mAP_visible": 0.8122536687159584,
    "a_mAP_per_class_visible": [
        0.26433807774966095,
        0.954004729212155,
        0.902928328649439,
        0.9104719917084778,
        0.9049991986016027,
        0.5999112611645357,
        0.661923718390982,
        0.8946382103477998,
        0.89421465025635,
        0.9015465175434223,
        0.8725583979687733,
        0.8658887117000453,
        0.8197934554771383,
        0.9081340519312665,
        0.8987846822886191,
        0.9184848484848481,
        0.6356915366961734
    ],
    "a_mAP_unshown": 0.7771654477467911,
    "a_mAP_per_class_unshown": [
        0.0,
        0.8529815497984078,
        0.0,
        0.6926479254629041,
        0.9375454271789855,
        0.6363636363636366,
        0.3981162865499929,
        0.8091420063302821,
        0.8492300781632115,
        0.8730924249089516,
        0.7818250317240323,
        0.7930913502266083,
        0.7379665564345139,
        0.9354431418613536,
        0.8057054057054056,
        0.0,
        0.0
    ]
}