{
    "auc": 0.8903407772382101,
    "auc std": 0.004999736209322336,
    "val_auc": 0.889020299911499,
    "val_auc std": 0.010257890956950568,
    "precision": 0.8646993120511374,
    "precision std": 0.001909179728105397,
    "val_precision": 0.8661934812863666,
    "val_precision std": 0.005902119889392164,
    "recall": 0.823487428824107,
    "recall std": 0.0027538735489912626,
    "val_recall": 0.8205914179484048,
    "val_recall std": 0.005447568730551711,
    "accuracy": 0.8457806587219239,
    "accuracy std": 0.002377971527924217,
    "val_accuracy": 0.845125412940979,
    "val_accuracy std": 0.005779767951340244,
    "loss": 0.04840144241849581,
    "loss std": 0.0006934794122489706,
    "val_loss": 0.04868181223670641,
    "val_loss std": 0.0016244795751445514,
    "epochs": 40.0,
    "epochs std": 0.0,
    "best_val_loss": [
        0.04867136850953102,
        0.05080655589699745,
        0.045648764818906784,
        0.04830320551991463,
        0.049193672835826874
    ],
    "best_val_iter": [
        1,
        2,
        2,
        0,
        2
    ],
    "test a-mAP": 0.5473885994370787,
    "test a-mAP std": 0.011813202088605536,
    "best cv iter": 2,
    "best iter": 2,
    "best valid loss": 0.045648764818906784
}