{
    "auc": 0.8876919150352478,
    "auc std": 0.0013774371541858987,
    "val_auc": 0.8882118662198385,
    "val_auc std": 0.001397641168628734,
    "precision": 0.8644904096921285,
    "precision std": 0.00021029488037086074,
    "val_precision": 0.856967568397522,
    "val_precision std": 0.0032958868372676563,
    "recall": 0.8224588831265768,
    "recall std": 0.00026283458846554543,
    "val_recall": 0.8143892884254456,
    "val_recall std": 0.004327107001468757,
    "accuracy": 0.8453680674235026,
    "accuracy std": 0.0001942129299735886,
    "val_accuracy": 0.8368473450342814,
    "val_accuracy std": 0.0009617345732247907,
    "loss": 0.04852679247657458,
    "loss std": 3.910057981294644e-05,
    "val_loss": 0.050890536357959114,
    "val_loss std": 6.39697761896884e-05,
    "epochs": 40.0,
    "epochs std": 0.0,
    "best_val_loss": 0.05080655589699745,
    "best_val_iter": 2,
    "test a-mAP": 0.5606065696729625,
    "test a-mAP std": 0.0028463327696335266
}