{
    "auc": 0.8828738530476888,
    "auc std": 0.00010257985725925566,
    "val_auc": 0.9064709345499674,
    "val_auc std": 0.0003954322126494448,
    "precision": 0.8612037499745687,
    "precision std": 0.00023877895623391977,
    "val_precision": 0.8753187457720438,
    "val_precision std": 0.0022258623410076053,
    "recall": 0.8187045256296793,
    "recall std": 0.00028889462885084476,
    "val_recall": 0.8287971417109171,
    "val_recall std": 0.004317833993652024,
    "accuracy": 0.8415172696113586,
    "accuracy std": 2.0319910241582764e-05,
    "val_accuracy": 0.8542821009953817,
    "val_accuracy std": 0.0006431508038781424,
    "loss": 0.04956837246815363,
    "loss std": 9.913129468330742e-06,
    "val_loss": 0.04586563507715861,
    "val_loss std": 0.0001574542529952371,
    "epochs": 40.0,
    "epochs std": 0.0,
    "best_val_loss": 0.045648764818906784,
    "best_val_iter": 2,
    "test a-mAP": 0.5457910002364358,
    "test a-mAP std": 0.00106485071895425
}