{
    "auc": 0.8949223359425863,
    "auc std": 0.001935329384303389,
    "val_auc": 0.8765095074971517,
    "val_auc std": 0.0022895295177074123,
    "precision": 0.8661029736200968,
    "precision std": 0.0004045864950007304,
    "val_precision": 0.8646685481071472,
    "val_precision std": 5.6284650596887994e-05,
    "recall": 0.8252268433570862,
    "recall std": 0.0007064041066114264,
    "val_recall": 0.8147808710734049,
    "val_recall std": 0.001450102475043739,
    "accuracy": 0.8474388718605042,
    "accuracy std": 0.0006330046407459617,
    "val_accuracy": 0.8417879343032837,
    "val_accuracy std": 0.00030544072065071107,
    "loss": 0.04798949137330055,
    "loss std": 0.00015314873456089841,
    "val_loss": 0.04927735775709152,
    "val_loss std": 6.32748470141931e-05,
    "epochs": 40.0,
    "epochs std": 0.0,
    "best_val_loss": 0.049193672835826874,
    "best_val_iter": 2,
    "test a-mAP": 0.5286064790139402,
    "test a-mAP std": 0.0020474740701613195
}