{
    "auc": 0.8967072566350301,
    "auc std": 0.0006828276494769647,
    "val_auc": 0.8816683292388916,
    "val_auc std": 0.003998783767966095,
    "precision": 0.8666698137919108,
    "precision std": 0.000516715811902847,
    "val_precision": 0.8659717440605164,
    "val_precision std": 0.0017001555703650341,
    "recall": 0.8266785939534506,
    "recall std": 0.0006822520115839041,
    "val_recall": 0.8233811259269714,
    "val_recall std": 0.0016257167397891559,
    "accuracy": 0.8484349449475607,
    "accuracy std": 0.0003363213171740446,
    "val_accuracy": 0.8458571036656698,
    "val_accuracy std": 0.0001668547712346087,
    "loss": 0.04747654249270757,
    "loss std": 0.00015796267839601527,
    "val_loss": 0.04881147543589274,
    "val_loss std": 0.00013658238176819684,
    "epochs": 40.0,
    "epochs std": 0.0,
    "best_val_loss": 0.04867136850953102,
    "best_val_iter": 1,
    "test a-mAP": 0.5425410020621481,
    "test a-mAP std": 0.004317216610774651
}