{
    "auc": 0.8895085255304972,
    "auc std": 0.0007740033960494012,
    "val_auc": 0.8922408620516459,
    "val_auc std": 0.005540832833182105,
    "precision": 0.8650296131769816,
    "precision std": 0.0001463160071140578,
    "val_precision": 0.8680408000946045,
    "val_precision std": 0.002234265295252816,
    "recall": 0.8243682980537415,
    "recall std": 0.0002463180148791485,
    "val_recall": 0.8216086626052856,
    "val_recall std": 0.003524256480810132,
    "accuracy": 0.8461441397666931,
    "accuracy std": 0.0004395921633704108,
    "val_accuracy": 0.8468525807062784,
    "val_accuracy std": 0.0006092393150255053,
    "loss": 0.04844601328174273,
    "loss std": 5.3676003320636625e-05,
    "val_loss": 0.04856405655543009,
    "val_loss std": 0.0002713622913749873,
    "epochs": 40.0,
    "epochs std": 0.0,
    "best_val_loss": 0.04830320551991463,
    "best_val_iter": 0,
    "test a-mAP": 0.559397946199907,
    "test a-mAP std": 0.0002863275228957621
}