{
    "auc": 0.500983715057373,
    "auc std": 0.002107679843902588,
    "val_auc": 0.5,
    "val_auc std": 0.0,
    "precision": 0.7370332777500153,
    "precision std": 0.0010146796703338623,
    "val_precision": 0.752954363822937,
    "val_precision std": 0.0,
    "accuracy": 0.7467131018638611,
    "accuracy std": 1.6927719116210938e-05,
    "val_accuracy": 0.752954363822937,
    "val_accuracy std": 0.0,
    "recall": 0.7076199948787689,
    "recall std": 6.553530693054199e-05,
    "val_recall": 0.726203203201294,
    "val_recall std": 0.0,
    "loss": 0.14284108579158783,
    "loss std": 0.00098361074924469,
    "val_loss": 0.10680032148957253,
    "val_loss std": 0.0013491399586200714,
    "epochs": 1.0,
    "epochs std": 0.0,
    "best_val_loss": 0.10545118153095245,
    "best_val_iter": 0,
    "test a-mAP": 0.0,
    "test a-mAP std": 0.0
}