{
    "auc": 0.5006460845470428,
    "auc std": 0.0006216466426849365,
    "val_auc": 0.5,
    "val_auc std": 0.0,
    "precision": 0.7333498299121857,
    "precision std": 0.0010212361812591553,
    "val_precision": 0.7569581866264343,
    "val_precision std": 0.0,
    "accuracy": 0.7499639689922333,
    "accuracy std": 0.00013771653175354004,
    "val_accuracy": 0.7569581866264343,
    "val_accuracy std": 0.0,
    "recall": 0.698158323764801,
    "recall std": 0.00765758752822876,
    "val_recall": 0.7330796718597412,
    "val_recall std": 0.0,
    "loss": 0.1447860598564148,
    "loss std": 0.0013600289821624756,
    "val_loss": 0.10494666919112206,
    "val_loss std": 0.0020417682826519012,
    "epochs": 1.0,
    "epochs std": 0.0,
    "best_val_loss": 0.10290490090847015,
    "best_val_iter": 0,
    "test a-mAP": 0.0,
    "test a-mAP std": 0.0
}