{
    "auc": 0.5011244118213654,
    "auc std": 0.00033852458000183105,
    "val_auc": 0.5,
    "val_auc std": 0.0,
    "precision": 0.7309943735599518,
    "precision std": 0.008393913507461548,
    "val_precision": 0.7506440877914429,
    "val_precision std": 0.0,
    "accuracy": 0.7519016563892365,
    "accuracy std": 0.0002313554286956787,
    "val_accuracy": 0.7506440877914429,
    "val_accuracy std": 0.0,
    "recall": 0.6976139843463898,
    "recall std": 0.005360275506973267,
    "val_recall": 0.7247329354286194,
    "val_recall std": 0.0,
    "loss": 0.15753354132175446,
    "loss std": 0.014381304383277893,
    "val_loss": 0.10933490097522736,
    "val_loss std": 0.002571292221546173,
    "epochs": 1.0,
    "epochs std": 0.0,
    "best_val_loss": 0.10676360875368118,
    "best_val_iter": 1,
    "test a-mAP": 0.0,
    "test a-mAP std": 0.0
}