{
    "auc": 0.5014963388442993,
    "auc std": 0.0010572910312870135,
    "val_auc": 0.5,
    "val_auc std": 0.0,
    "precision": 0.7364363729953766,
    "precision std": 0.004104824242420434,
    "val_precision": 0.7550651550292968,
    "val_precision std": 0.0,
    "accuracy": 0.7498936593532562,
    "accuracy std": 0.0008057628178928443,
    "val_accuracy": 0.7550651550292968,
    "val_accuracy std": 0.0,
    "recall": 0.7024911642074585,
    "recall std": 0.004326595743948214,
    "val_recall": 0.729604709148407,
    "val_recall std": 0.0,
    "loss": 0.14535339623689653,
    "loss std": 0.0070390655437846785,
    "val_loss": 0.10611010864377021,
    "val_loss std": 0.0017054774770009701,
    "epochs": 1.0,
    "epochs std": 0.0,
    "best_val_loss": [
        0.10044001042842865,
        0.10676360875368118,
        0.10290490090847015,
        0.10733363777399063,
        0.10545118153095245
    ],
    "best_val_iter": [
        0,
        1,
        0,
        1,
        0
    ],
    "test a-mAP": 0.0,
    "test a-mAP std": 0.0,
    "best cv iter": 0,
    "best iter": 0,
    "best valid loss": 0.10044001042842865
}