{
    "auc": 0.5029966533184052,
    "auc std": 0.0008023083209991455,
    "val_auc": 0.5,
    "val_auc std": 0.0,
    "precision": 0.7383696734905243,
    "precision std": 0.0027940571308135986,
    "val_precision": 0.7525798082351685,
    "val_precision std": 0.0,
    "accuracy": 0.7517126500606537,
    "accuracy std": 0.00019052624702453613,
    "val_accuracy": 0.7525798082351685,
    "val_accuracy std": 0.0,
    "recall": 0.7008629739284515,
    "recall std": 0.001344829797744751,
    "val_recall": 0.7271831035614014,
    "val_recall std": 0.0,
    "loss": 0.14518840610980988,
    "loss std": 0.005799487233161926,
    "val_loss": 0.10767804458737373,
    "val_loss std": 0.0003444068133831024,
    "epochs": 1.0,
    "epochs std": 0.0,
    "best_val_loss": 0.10733363777399063,
    "best_val_iter": 1,
    "test a-mAP": 0.0,
    "test a-mAP std": 0.0
}