{
    "auc": 0.5017308294773102,
    "auc std": 4.7594308853149414e-05,
    "val_auc": 0.5,
    "val_auc std": 0.0,
    "precision": 0.7424347102642059,
    "precision std": 0.001977592706680298,
    "val_precision": 0.7621893286705017,
    "val_precision std": 0.0,
    "accuracy": 0.7491769194602966,
    "accuracy std": 0.0017712116241455078,
    "val_accuracy": 0.7621893286705017,
    "val_accuracy std": 0.0,
    "recall": 0.7082005441188812,
    "recall std": 0.002100735902786255,
    "val_recall": 0.736824631690979,
    "val_recall std": 0.0,
    "loss": 0.13641788810491562,
    "loss std": 0.00211402028799057,
    "val_loss": 0.10179060697555542,
    "val_loss std": 0.00135059654712677,
    "epochs": 1.0,
    "epochs std": 0.0,
    "best_val_loss": 0.10044001042842865,
    "best_val_iter": 0,
    "test a-mAP": 0.0,
    "test a-mAP std": 0.0
}