{
    "auc": 0.929787278175354,
    "auc std": 0.003105603534997632,
    "val_auc": 0.9219390948613485,
    "val_auc std": 0.0066677576990644164,
    "precision": 0.9027506709098816,
    "precision std": 0.0014346279505654726,
    "val_precision": 0.8917144338289896,
    "val_precision std": 0.0020302852897215395,
    "recall": 0.8787782788276672,
    "recall std": 0.001666425247999306,
    "val_recall": 0.8653910557428995,
    "val_recall std": 0.004240457001364472,
    "accuracy": 0.894757091999054,
    "accuracy std": 0.0013982437364400183,
    "val_accuracy": 0.8808675209681193,
    "val_accuracy std": 0.0006315486267268126,
    "loss": 0.03123021436234315,
    "loss std": 0.0004331888735396887,
    "val_loss": 0.03640084092815717,
    "val_loss std": 0.00016977607670070222,
    "epochs": 39.0,
    "epochs std": 1.4142135623730951,
    "best_val_loss": 0.036240354180336,
    "best_val_iter": 0,
    "test a-mAP": 0.6104811309965531,
    "test a-mAP std": 0.003398307504531724
}