{
    "auc": 0.9272510766983032,
    "auc std": 0.0025874633080203405,
    "val_auc": 0.9205974141756694,
    "val_auc std": 0.005938041203767475,
    "precision": 0.9002913514773052,
    "precision std": 0.00179168141033566,
    "val_precision": 0.8978451530138652,
    "val_precision std": 0.00957860643180751,
    "recall": 0.872103730837504,
    "recall std": 0.0045266842719130914,
    "val_recall": 0.8667283892631531,
    "val_recall std": 0.006279587939222898,
    "accuracy": 0.8895058790842691,
    "accuracy std": 0.0035616971367839925,
    "val_accuracy": 0.8851228753725687,
    "val_accuracy std": 0.005859674646602618,
    "loss": 0.03304489192863305,
    "loss std": 0.001186785110112515,
    "val_loss": 0.03469488248229027,
    "val_loss std": 0.002247405412123399,
    "epochs": 39.6,
    "epochs std": 0.4898979485566356,
    "best_val_loss": [
        0.036240354180336,
        0.03815939277410507,
        0.03218676894903183,
        0.03294672071933746,
        0.03310348093509674
    ],
    "best_val_iter": [
        0,
        1,
        0,
        0,
        0
    ],
    "test a-mAP": 0.6345379397158709,
    "test a-mAP std": 0.026499351873425624,
    "best cv iter": 2,
    "best iter": 0,
    "best valid loss": 0.03218676894903183
}