{
    "auc": 0.9306352337201437,
    "auc std": 0.004369371256208497,
    "val_auc": 0.9106844464937845,
    "val_auc std": 0.005918579301097608,
    "precision": 0.9009423851966858,
    "precision std": 0.0007562110900170075,
    "val_precision": 0.8868242104848226,
    "val_precision std": 0.003478027107999346,
    "recall": 0.8733668923377991,
    "recall std": 0.0008828066024628587,
    "val_recall": 0.8593562841415405,
    "val_recall std": 0.0040880479489573,
    "accuracy": 0.8904076218605042,
    "accuracy std": 0.0006409485808431811,
    "val_accuracy": 0.876037577788035,
    "val_accuracy std": 0.0005100401584096864,
    "loss": 0.03268203636010488,
    "loss std": 0.000180630667858429,
    "val_loss": 0.038216136395931244,
    "val_loss std": 4.2965704415323034e-05,
    "epochs": 40.0,
    "epochs std": 0.0,
    "best_val_loss": 0.03815939277410507,
    "best_val_iter": 1,
    "test a-mAP": 0.6644143437026925,
    "test a-mAP std": 0.0043470073799878
}