{
    "auc": 0.9240102370580038,
    "auc std": 0.0020395156076036497,
    "val_auc": 0.9211105704307556,
    "val_auc std": 0.005128005996248883,
    "precision": 0.8978675206502279,
    "precision std": 0.00018390305434664336,
    "val_precision": 0.9102537830670675,
    "val_precision std": 0.0026301384489483097,
    "recall": 0.8662106792132059,
    "recall std": 0.0005753754251661091,
    "val_recall": 0.8700042366981506,
    "val_recall std": 0.00278517432717949,
    "accuracy": 0.8848457932472229,
    "accuracy std": 0.0003194026145349667,
    "val_accuracy": 0.892240583896637,
    "val_accuracy std": 0.00042905164158024695,
    "loss": 0.03452512373526891,
    "loss std": 0.00013586633194207772,
    "val_loss": 0.032214272767305374,
    "val_loss std": 2.1435552370479256e-05,
    "epochs": 40.0,
    "epochs std": 0.0,
    "best_val_loss": 0.03218676894903183,
    "best_val_iter": 0,
    "test a-mAP": 0.6566056414244589,
    "test a-mAP std": 0.002856970471579813
}