{
    "auc": 0.9250461459159851,
    "auc std": 0.003590721927561668,
    "val_auc": 0.9199625452359518,
    "val_auc std": 0.002665764357774147,
    "precision": 0.8986312945683798,
    "precision std": 0.0017223938915291901,
    "val_precision": 0.9084166487058004,
    "val_precision std": 0.004502591460230723,
    "recall": 0.8679596384366354,
    "recall std": 0.0021124793682489075,
    "val_recall": 0.8618446389834086,
    "val_recall std": 0.0011340704438916533,
    "accuracy": 0.8862886826197306,
    "accuracy std": 0.001693324645598978,
    "val_accuracy": 0.8889428575833639,
    "val_accuracy std": 0.0023260185728521112,
    "loss": 0.034162754813830055,
    "loss std": 0.0005276837178877419,
    "val_loss": 0.033223360776901245,
    "val_loss std": 0.0002724379560521809,
    "epochs": 39.0,
    "epochs std": 1.4142135623730951,
    "best_val_loss": 0.03294672071933746,
    "best_val_iter": 0,
    "test a-mAP": 0.6447180820016746,
    "test a-mAP std": 0.0008683571996231526
}