{
    "auc": 0.9267764886220297,
    "auc std": 0.0003180271134826311,
    "val_auc": 0.9292904138565063,
    "val_auc std": 0.007100420170687588,
    "precision": 0.9012648860613505,
    "precision std": 0.0009970380708531862,
    "val_precision": 0.8920166889826456,
    "val_precision std": 0.003221676208659126,
    "recall": 0.8742031653722128,
    "recall std": 0.00138775204641766,
    "val_recall": 0.877045730749766,
    "val_recall std": 0.00245625190700566,
    "accuracy": 0.8912302056948344,
    "accuracy std": 0.0013811711072696075,
    "val_accuracy": 0.8875258366266886,
    "val_accuracy std": 0.0007459383442568906,
    "loss": 0.03262433037161827,
    "loss std": 0.00030432369091336684,
    "val_loss": 0.033419801543156304,
    "val_loss std": 0.0003653719026631329,
    "epochs": 40.0,
    "epochs std": 0.0,
    "best_val_loss": 0.03310348093509674,
    "best_val_iter": 0,
    "test a-mAP": 0.5964705004539755,
    "test a-mAP std": 0.0005923210404583401
}