{
    "auc": 0.5021870136260986,
    "auc std": 0.0,
    "val_auc": 0.5,
    "val_auc std": 0.0,
    "precision": 0.7541685700416565,
    "precision std": 0.0,
    "val_precision": 0.7621893286705017,
    "val_precision std": 0.0,
    "accuracy": 0.7541685700416565,
    "accuracy std": 0.0,
    "val_accuracy": 0.7621893286705017,
    "val_accuracy std": 0.0,
    "recall": 0.7288228273391724,
    "recall std": 0.0,
    "val_recall": 0.736824631690979,
    "val_recall std": 0.0,
    "loss": 0.10112456977367401,
    "loss std": 0.0,
    "val_loss": 0.09886780381202698,
    "val_loss std": 0.0,
    "epochs": 27.0,
    "epochs std": 0.0,
    "best_val_loss": [
        0.09886780381202698
    ],
    "best_val_iter": [
        0
    ],
    "test a-mAP": 0.0,
    "test a-mAP std": 0.0,
    "best cv iter": 0,
    "best iter": 0,
    "best valid loss": 0.09886780381202698
}