{
    "auc": 0.9201101660728455,
    "auc std": 0.0029275499317525195,
    "val_auc": 0.8428934454917908,
    "val_auc std": 0.004248202881244851,
    "precision": 0.9192950963973999,
    "precision std": 0.00046162642072919674,
    "val_precision": 0.9148819804191589,
    "val_precision std": 0.007567516304950819,
    "recall": 0.7975052475929261,
    "recall std": 0.000656964497691779,
    "val_recall": 0.7925134778022767,
    "val_recall std": 0.005392523611781947,
    "accuracy": 0.8488040208816529,
    "accuracy std": 0.0005297574915240806,
    "val_accuracy": 0.8488869905471802,
    "val_accuracy std": 0.0034076402630896247,
    "loss": 0.046090564131736754,
    "loss std": 5.149411548890873e-05,
    "val_loss": 0.04866221398115158,
    "val_loss std": 0.00031033852752436177,
    "epochs": 30.0,
    "epochs std": 0.0,
    "best_val_loss": 0.0482567735016346,
    "best_val_iter": 0,
    "test a-mAP": 0.3446664412458497,
    "test a-mAP std": 0.006009467382242507
}