{
    "auc": 0.8810646533966064,
    "auc std": 0.003641279771195365,
    "val_auc": 0.8593905806541443,
    "val_auc std": 0.0003599760463056358,
    "precision": 0.9059017300605774,
    "precision std": 0.00022433397865708314,
    "val_precision": 0.9094112753868103,
    "val_precision std": 0.016009684313076183,
    "recall": 0.7791532158851624,
    "recall std": 0.0008132814919817689,
    "val_recall": 0.7755178451538086,
    "val_recall std": 0.004837173095901295,
    "accuracy": 0.8351538300514221,
    "accuracy std": 0.000360094081221264,
    "val_accuracy": 0.8365553855895996,
    "val_accuracy std": 0.010123400817754428,
    "loss": 0.05066181495785713,
    "loss std": 4.1170211239965306e-05,
    "val_loss": 0.04984664544463158,
    "val_loss std": 0.00019837593392563966,
    "epochs": 30.0,
    "epochs std": 0.0,
    "best_val_loss": 0.04959968104958534,
    "best_val_iter": 4,
    "test a-mAP": 0.3502846838223051,
    "test a-mAP std": 0.00695036644177718
}