{
    "auc": 0.8996566247940063,
    "auc std": 0.003342075051797404,
    "val_auc": 0.8795456480979921,
    "val_auc std": 0.003474353224270865,
    "precision": 0.9118928527832031,
    "precision std": 0.0005070940888486942,
    "val_precision": 0.9151498508453371,
    "val_precision std": 0.010899019019806264,
    "recall": 0.7826152920722962,
    "recall std": 0.002437172431058076,
    "val_recall": 0.7871862149238587,
    "val_recall std": 0.006029187783336181,
    "accuracy": 0.8387861514091492,
    "accuracy std": 0.0019363427061024061,
    "val_accuracy": 0.8447585272789002,
    "val_accuracy std": 0.005998787359405903,
    "loss": 0.04927939265966415,
    "loss std": 0.0004893421891707998,
    "val_loss": 0.048872067630290984,
    "val_loss std": 0.0005467183276140991,
    "epochs": 30.0,
    "epochs std": 0.0,
    "best_val_loss": [
        0.0482567735016346,
        0.05032831057906151,
        0.04644695296883583,
        0.047065526247024536,
        0.04959968104958534
    ],
    "best_val_iter": [
        0,
        2,
        2,
        4,
        4
    ],
    "test a-mAP": 0.36142366554395533,
    "test a-mAP std": 0.009353304279180375,
    "best cv iter": 2,
    "best iter": 2,
    "best valid loss": 0.04644695296883583
}