{
    "auc": 0.8898840427398682,
    "auc std": 0.002789494753239288,
    "val_auc": 0.9119092583656311,
    "val_auc std": 0.0017583465283346953,
    "precision": 0.9059432625770569,
    "precision std": 0.0002938974553497642,
    "val_precision": 0.9239370584487915,
    "val_precision std": 0.009312705526593185,
    "recall": 0.7789378881454467,
    "recall std": 0.0023464683442020622,
    "val_recall": 0.79440838098526,
    "val_recall std": 0.006530492496241132,
    "accuracy": 0.832357132434845,
    "accuracy std": 0.0015837011781349912,
    "val_accuracy": 0.8477287292480469,
    "val_accuracy std": 0.003250874133622084,
    "loss": 0.051309754699468614,
    "loss std": 0.0004586215194963706,
    "val_loss": 0.04798363447189331,
    "val_loss std": 0.0008166690160096073,
    "epochs": 30.0,
    "epochs std": 0.0,
    "best_val_loss": 0.047065526247024536,
    "best_val_iter": 4,
    "test a-mAP": 0.3596292113540598,
    "test a-mAP std": 0.010338251571666679
}