{
    "auc": 0.9035743951797486,
    "auc std": 0.0048099554069158165,
    "val_auc": 0.8788945555686951,
    "val_auc std": 0.004717366783609336,
    "precision": 0.9158837556838989,
    "precision std": 0.0008174683967203844,
    "val_precision": 0.9129916667938233,
    "val_precision std": 0.00912932239687938,
    "recall": 0.7747013449668885,
    "recall std": 0.0047530186314968205,
    "val_recall": 0.7783058881759644,
    "val_recall std": 0.0077072037248687355,
    "accuracy": 0.8373812913894654,
    "accuracy std": 0.003959683923700697,
    "val_accuracy": 0.8414294242858886,
    "val_accuracy std": 0.004585809541799682,
    "loss": 0.049460307508707044,
    "loss std": 0.0009874888222964333,
    "val_loss": 0.05115198791027069,
    "val_loss std": 0.0007888321328991465,
    "epochs": 30.0,
    "epochs std": 0.0,
    "best_val_loss": 0.05032831057906151,
    "best_val_iter": 2,
    "test a-mAP": 0.37235482825474414,
    "test a-mAP std": 0.015470115432437918
}