{
    "auc": 0.9609853426615397,
    "auc std": 0.0014433509178119002,
    "val_auc": 0.9316104054450989,
    "val_auc std": 0.004521219406065892,
    "precision": 0.9194391369819641,
    "precision std": 0.0006768366186017852,
    "val_precision": 0.8988769849141439,
    "val_precision std": 0.0016313759061432104,
    "recall": 0.9041031002998352,
    "recall std": 0.0006248781704693615,
    "val_recall": 0.8771846691767374,
    "val_recall std": 0.002880386142202866,
    "accuracy": 0.9145620862642924,
    "accuracy std": 0.0005622792811935291,
    "val_accuracy": 0.8895786007245382,
    "val_accuracy std": 0.00011750846057137504,
    "loss": 0.02536675954858462,
    "loss std": 0.0001793183212411599,
    "val_loss": 0.03430958713094393,
    "val_loss std": 0.00015227684000231352,
    "epochs": 40.0,
    "epochs std": 0.0,
    "best_val_loss": 0.034111931920051575,
    "best_val_iter": 1,
    "test a-mAP": 0.6875037526967965,
    "test a-mAP std": 0.005614422087271683
}