{
    "auc": 0.9036498665809631,
    "auc std": 0.0017609398880552808,
    "val_auc": 0.9046404004096985,
    "val_auc std": 0.0041028659831962005,
    "precision": 0.9124404191970825,
    "precision std": 0.0005173655328038466,
    "val_precision": 0.9145272731781006,
    "val_precision std": 0.010502131759278048,
    "recall": 0.7827787637710572,
    "recall std": 0.0007133851382120904,
    "val_recall": 0.7951854825019836,
    "val_recall std": 0.005218203778142616,
    "accuracy": 0.8402344822883606,
    "accuracy std": 0.0003867795663987001,
    "val_accuracy": 0.8491921067237854,
    "val_accuracy std": 0.005850996569045783,
    "loss": 0.04887452200055122,
    "loss std": 8.639668965457649e-05,
    "val_loss": 0.046715856343507764,
    "val_loss std": 0.0002638886513562324,
    "epochs": 30.0,
    "epochs std": 0.0,
    "best_val_loss": 0.04644695296883583,
    "best_val_iter": 2,
    "test a-mAP": 0.38018316304281785,
    "test a-mAP std": 0.002606970607703156
}