{
    "auc": 0.9083098371823629,
    "auc std": 0.0017452824961838914,
    "val_auc": 0.9100368221600851,
    "val_auc std": 0.007287849445256543,
    "precision": 0.8911125262578329,
    "precision std": 0.00023467394183071557,
    "val_precision": 0.8937220176060995,
    "val_precision std": 0.003678851517248322,
    "recall": 0.8642479379971822,
    "recall std": 0.0006979673198735935,
    "val_recall": 0.8583403825759888,
    "val_recall std": 0.003840859200499334,
    "accuracy": 0.8813641667366028,
    "accuracy std": 0.0002778637871519573,
    "val_accuracy": 0.8798908193906149,
    "val_accuracy std": 0.0009313575824939604,
    "loss": 0.03642698625723521,
    "loss std": 0.00011040318586627141,
    "val_loss": 0.036363491167624794,
    "val_loss std": 0.00011321682775717599,
    "epochs": 40.0,
    "epochs std": 0.0,
    "best_val_loss": 0.03620340675115585,
    "best_val_iter": 2,
    "test a-mAP": 0.574253728585925,
    "test a-mAP std": 0.002022649213993174
}