{
    "auc": 0.9150831898053488,
    "auc std": 0.0026746838659454947,
    "val_auc": 0.8991013566652933,
    "val_auc std": 0.001984461338602737,
    "precision": 0.8921159108479818,
    "precision std": 8.903694850361086e-05,
    "val_precision": 0.8770700295766195,
    "val_precision std": 0.0032616383601715387,
    "recall": 0.8650926550229391,
    "recall std": 0.00019241473859640161,
    "val_recall": 0.8475398023923238,
    "val_recall std": 0.004209388594410967,
    "accuracy": 0.8823617498079935,
    "accuracy std": 0.00013395931711391494,
    "val_accuracy": 0.8660194476445516,
    "val_accuracy std": 0.0005262096299075469,
    "loss": 0.036033732195695244,
    "loss std": 3.3779473765696226e-05,
    "val_loss": 0.04209849610924721,
    "val_loss std": 0.0001143751614469622,
    "epochs": 40.0,
    "epochs std": 0.0,
    "best_val_loss": 0.04198480024933815,
    "best_val_iter": 1,
    "test a-mAP": 0.6435678790330125,
    "test a-mAP std": 0.004251059360604178
}