{
    "auc": 0.9118697007497152,
    "auc std": 0.003794993640757226,
    "val_auc": 0.9046321431795755,
    "val_auc std": 0.004435948320388914,
    "precision": 0.8909034609794617,
    "precision std": 0.002054294247918519,
    "val_precision": 0.8893177310625712,
    "val_precision std": 0.00809440936930084,
    "recall": 0.8629785219828288,
    "recall std": 0.004625974208926688,
    "val_recall": 0.8563806811968486,
    "val_recall std": 0.005134798708607533,
    "accuracy": 0.8805307984352112,
    "accuracy std": 0.0035652745781839757,
    "val_accuracy": 0.876131554444631,
    "val_accuracy std": 0.006503618233004427,
    "loss": 0.03656641989946365,
    "loss std": 0.0011759394565502537,
    "val_loss": 0.03846721723675728,
    "val_loss std": 0.0023139353735803533,
    "epochs": 39.8,
    "epochs std": 0.4,
    "best_val_loss": [
        0.04011561721563339,
        0.04198480024933815,
        0.036938391625881195,
        0.03628538176417351,
        0.03620340675115585
    ],
    "best_val_iter": [
        1,
        1,
        2,
        2,
        2
    ],
    "test a-mAP": 0.6176370699391102,
    "test a-mAP std": 0.03188895970562573,
    "best cv iter": 4,
    "best iter": 2,
    "best valid loss": 0.03620340675115585
}