{
    "auc": 0.9133597016334534,
    "auc std": 0.0018933837075338974,
    "val_auc": 0.9054571588834127,
    "val_auc std": 0.0017968022630618073,
    "precision": 0.8889656662940979,
    "precision std": 0.0004902279686834309,
    "val_precision": 0.894693116346995,
    "val_precision std": 0.0005491623333971482,
    "recall": 0.858357846736908,
    "recall std": 0.0009059799906356176,
    "val_recall": 0.8584642807642618,
    "val_recall std": 0.001284375890269997,
    "accuracy": 0.8770562410354614,
    "accuracy std": 0.000783214087908092,
    "val_accuracy": 0.880856454372406,
    "val_accuracy std": 0.000627401980952049,
    "loss": 0.037775181233882904,
    "loss std": 0.0002096727605936137,
    "val_loss": 0.03652715434630712,
    "val_loss std": 0.0002638775242804735,
    "epochs": 40.0,
    "epochs std": 0.0,
    "best_val_loss": 0.03628538176417351,
    "best_val_iter": 2,
    "test a-mAP": 0.6407024942351905,
    "test a-mAP std": 0.0012408864556129372
}