{
    "auc": 0.906494935353597,
    "auc std": 0.004355286638837819,
    "val_auc": 0.8999431530634562,
    "val_auc std": 0.008753939807359836,
    "precision": 0.8939632574717203,
    "precision std": 0.001099222757263614,
    "val_precision": 0.8826065262158712,
    "val_precision std": 0.002425334288026637,
    "recall": 0.8698740800221761,
    "recall std": 0.0018415446794840594,
    "val_recall": 0.8546576102574667,
    "val_recall std": 0.0017133922146680466,
    "accuracy": 0.885789175828298,
    "accuracy std": 0.001552078590262417,
    "val_accuracy": 0.8709685405095419,
    "val_accuracy std": 0.001448065324605079,
    "loss": 0.034716032445430756,
    "loss std": 0.00041445520943232005,
    "val_loss": 0.04030299807588259,
    "val_loss std": 0.00013441618425620697,
    "epochs": 39.0,
    "epochs std": 0.816496580927726,
    "best_val_loss": 0.04011561721563339,
    "best_val_iter": 1,
    "test a-mAP": 0.5833485535326545,
    "test a-mAP std": 0.0023065982562583925
}