{
    "auc": 0.9161008397738138,
    "auc std": 0.0021491785286820693,
    "val_auc": 0.9086222251256307,
    "val_auc std": 0.005286725700005866,
    "precision": 0.8883599440256754,
    "precision std": 5.248965046618923e-05,
    "val_precision": 0.8984969655672709,
    "val_precision std": 0.004401824698207894,
    "recall": 0.8573200901349386,
    "recall std": 0.00017193976384194214,
    "val_recall": 0.8629013299942017,
    "val_recall std": 0.0039692127021345456,
    "accuracy": 0.8760826587677002,
    "accuracy std": 3.490563215506391e-05,
    "val_accuracy": 0.8829225103060404,
    "val_accuracy std": 0.0007509219841955945,
    "loss": 0.03788016736507416,
    "loss std": 1.7917344372918834e-05,
    "val_loss": 0.03704394648472468,
    "val_loss std": 0.00012738806969350583,
    "epochs": 40.0,
    "epochs std": 0.0,
    "best_val_loss": 0.036938391625881195,
    "best_val_iter": 2,
    "test a-mAP": 0.6463126943087681,
    "test a-mAP std": 0.003392721672702967
}