{
    "a_mAP": 0.5665917337733706,
    "a_mAP_per_class": [
        0.14446374166032738,
        0.7560316032632194,
        0.7128225847050556,
        0.7861385513606826,
        0.45066143727809516,
        0.48592509435100245,
        0.20722123239175494,
        0.721492968077207,
        0.8500011535992923,
        0.8697997702127845,
        0.7595745811611376,
        0.640717502477326,
        0.5624898546358588,
        0.9134655913208001,
        0.7402046131632886,
        0.010551312432569581,
        0.020497882056898183
    ],
    "a_mAP_visible": 0.6336909110401368,
    "a_mAP_per_class_visible": [
        0.33052486190392666,
        0.9220996239432865,
        0.7320127470367486,
        0.8397440735849273,
        0.48038683878256533,
        0.48650788482010743,
        0.20869960484389682,
        0.818585153601224,
        0.8535871225742344,
        0.8925239525499588,
        0.7666302501560416,
        0.7130899040325983,
        0.6587898999149061,
        0.9231009938199847,
        0.794020228577288,
        0.1536164688573545,
        0.1988258786832762
    ],
    "a_mAP_unshown": 0.4952386422261087,
    "a_mAP_per_class_unshown": [
        0.0,
        0.6934723644230183,
        0.0,
        0.3418828092432914,
        0.3209217737591498,
        0.6022727272727274,
        0.054295102776022605,
        0.6199115589389508,
        0.7450242927577923,
        0.8061155664354497,
        0.42187322863408555,
        0.5149998080035995,
        0.2559086174266292,
        0.9069670013166582,
        0.15445749795204,
        0.0,
        0.0
    ]
}