{
    "auc": 0.893675704797109,
    "auc std": 0.004638501563746339,
    "val_auc": 0.8774546583493551,
    "val_auc std": 0.013241642001904329,
    "precision": 0.8604027032852173,
    "precision std": 0.0009765773586050694,
    "val_precision": 0.854704757531484,
    "val_precision std": 0.0027180837770300645,
    "recall": 0.8185249169667562,
    "recall std": 0.00024216911824138937,
    "val_recall": 0.8197366197903951,
    "val_recall std": 0.002542985240913398,
    "accuracy": 0.8416817585627238,
    "accuracy std": 0.00010233407959335243,
    "val_accuracy": 0.8385893503824869,
    "val_accuracy std": 0.00037846214820581024,
    "loss": 0.048616347213586174,
    "loss std": 0.00010141122240994269,
    "val_loss": 0.050698758413394295,
    "val_loss std": 0.00016699102313322362,
    "epochs": 40.0,
    "epochs std": 0.0,
    "best_val_loss": 0.05057216435670853,
    "best_val_iter": 0,
    "test a-mAP": 0.558393161635517,
    "test a-mAP std": 0.0032004354931098327
}