{
    "auc": 0.8851657311121622,
    "auc std": 0.0005719454420493837,
    "val_auc": 0.8918367028236389,
    "val_auc std": 0.004015276341864981,
    "precision": 0.8555457790692648,
    "precision std": 0.00036957534422089536,
    "val_precision": 0.8676681121190389,
    "val_precision std": 0.0007358390786810165,
    "recall": 0.8110941449801127,
    "recall std": 0.0005344699548197937,
    "val_recall": 0.8243795037269592,
    "val_recall std": 0.0002550527811710988,
    "accuracy": 0.8352423111597697,
    "accuracy std": 0.000581429942289842,
    "val_accuracy": 0.8479203780492147,
    "val_accuracy std": 0.0005987031664305539,
    "loss": 0.05075174570083618,
    "loss std": 0.00013219697839109514,
    "val_loss": 0.047318413853645325,
    "val_loss std": 5.229341841924069e-05,
    "epochs": 40.0,
    "epochs std": 0.0,
    "best_val_loss": 0.04724568501114845,
    "best_val_iter": 2,
    "test a-mAP": 0.5605215001890249,
    "test a-mAP std": 0.006741054918281484
}