{
    "auc": 0.8894921223322549,
    "auc std": 0.002957839658219326,
    "val_auc": 0.8836452841758728,
    "val_auc std": 0.005286893600500437,
    "precision": 0.8589316566785177,
    "precision std": 0.0017390144019430436,
    "val_precision": 0.8575554172197977,
    "val_precision std": 0.005747055298415457,
    "recall": 0.815890379746755,
    "recall std": 0.0026810489109161915,
    "val_recall": 0.8144340872764587,
    "val_recall std": 0.006921576904847504,
    "accuracy": 0.839311170578003,
    "accuracy std": 0.0022429259484555053,
    "val_accuracy": 0.8378166675567627,
    "val_accuracy std": 0.005763559039880548,
    "loss": 0.049461646874745684,
    "loss std": 0.0007216744570909193,
    "val_loss": 0.05033678089578947,
    "val_loss std": 0.0017312223576707653,
    "epochs": 40.0,
    "epochs std": 0.0,
    "best_val_loss": [
        0.05057216435670853,
        0.05256010964512825,
        0.04724568501114845,
        0.04996682330965996,
        0.050760429352521896
    ],
    "best_val_iter": [
        0,
        0,
        2,
        1,
        1
    ],
    "test a-mAP": 0.5565592524806405,
    "test a-mAP std": 0.019854066902596727,
    "best cv iter": 2,
    "best iter": 2,
    "best valid loss": 0.04724568501114845
}