{
    "auc": 0.8880945245424906,
    "auc std": 0.0019675935153206222,
    "val_auc": 0.886935313542684,
    "val_auc std": 0.004334108856946491,
    "precision": 0.8597074747085571,
    "precision std": 0.0005842336567541462,
    "val_precision": 0.8539947072664896,
    "val_precision std": 0.00258247466807152,
    "recall": 0.8174061973889669,
    "recall std": 0.0008526820496972671,
    "val_recall": 0.8135281801223755,
    "val_recall std": 0.002243089400440414,
    "accuracy": 0.840511421362559,
    "accuracy std": 0.00044888786362884533,
    "val_accuracy": 0.8354013562202454,
    "val_accuracy std": 0.000479080681594603,
    "loss": 0.04903097326556841,
    "loss std": 0.00013392695698572938,
    "val_loss": 0.05083406592408816,
    "val_loss std": 5.952303277809554e-05,
    "epochs": 40.0,
    "epochs std": 0.0,
    "best_val_loss": 0.050760429352521896,
    "best_val_iter": 1,
    "test a-mAP": 0.5232589513822439,
    "test a-mAP std": 0.0039557177486041085
}