{
    "auc": 0.888781726360321,
    "auc std": 0.00038380415529290686,
    "val_auc": 0.8788190086682638,
    "val_auc std": 0.011771930398544819,
    "precision": 0.8598491152127584,
    "precision std": 0.0007757226922345378,
    "val_precision": 0.8599012891451517,
    "val_precision std": 0.0010647952952525608,
    "recall": 0.8175341486930847,
    "recall std": 0.00028378449709791413,
    "val_recall": 0.8093660672505697,
    "val_recall std": 0.0007341924626403643,
    "accuracy": 0.8404009143511454,
    "accuracy std": 0.0004168504496467284,
    "val_accuracy": 0.8368863066037496,
    "val_accuracy std": 0.0007347038202590383,
    "loss": 0.049313864360253014,
    "loss std": 0.0001270602944363072,
    "val_loss": 0.05015817408760389,
    "val_loss std": 0.00019102911026068408,
    "epochs": 40.0,
    "epochs std": 0.0,
    "best_val_loss": 0.04996682330965996,
    "best_val_iter": 1,
    "test a-mAP": 0.5550681588365375,
    "test a-mAP std": 0.005401429748649212
}