{
    "auc": 0.8917429248491923,
    "auc std": 0.0013923338873283065,
    "val_auc": 0.8831807374954224,
    "val_auc std": 0.006241715451858517,
    "precision": 0.8591532111167908,
    "precision std": 0.00043072665737146795,
    "val_precision": 0.8515082200368246,
    "val_precision std": 0.0010058829184844311,
    "recall": 0.8148924907048544,
    "recall std": 0.00047932932529666966,
    "val_recall": 0.8051600654919943,
    "val_recall std": 0.0007073911808687376,
    "accuracy": 0.8387194474538168,
    "accuracy std": 0.0003147075811533322,
    "val_accuracy": 0.8302859465281168,
    "val_accuracy std": 0.00044998138907315934,
    "loss": 0.04959530383348465,
    "loss std": 8.315305989593407e-05,
    "val_loss": 0.05267449220021566,
    "val_loss std": 8.427961255983348e-05,
    "epochs": 40.0,
    "epochs std": 0.0,
    "best_val_loss": 0.05256010964512825,
    "best_val_iter": 0,
    "test a-mAP": 0.5855544903598792,
    "test a-mAP std": 0.0023081290916163286
}