{
    "a_mAP": 0.5741614835517819,
    "a_mAP_per_class": [
        0.23008117983671336,
        0.7677590160885416,
        0.6787466775043604,
        0.7892130436984968,
        0.4146568436738997,
        0.48436029958979265,
        0.1839126539028895,
        0.7315449107284226,
        0.8337776261100077,
        0.8825608221584915,
        0.7642758802962534,
        0.6885323453315977,
        0.6635987206037395,
        0.9065159041291672,
        0.7337106929545648,
        0.007498603773353387,
        0.0
    ],
    "a_mAP_visible": 0.6351742831111339,
    "a_mAP_per_class_visible": [
        0.5473550739812629,
        0.9178612323368743,
        0.7118912293550271,
        0.8657502661844191,
        0.42944088250943757,
        0.4863601901206746,
        0.18420060111680503,
        0.8570358707155822,
        0.8397030545600604,
        0.9000694045958934,
        0.7718078017527804,
        0.7683236216777629,
        0.6726698178846632,
        0.9345539171487622,
        0.7988647208313644,
        0.11207512811790886,
        0.0
    ],
    "a_mAP_unshown": 0.454195683713462,
    "a_mAP_per_class_unshown": [
        0.0,
        0.7217598346063666,
        0.018055555555555557,
        0.317017906245122,
        0.02018976169461606,
        0.2622865013774105,
        0.030303030303030297,
        0.592416150855327,
        0.760793315775928,
        0.8180871348141725,
        0.36018570786860615,
        0.5888585439206337,
        0.3943019722453405,
        0.8543060030233943,
        0.16218018862068104,
        0.003802281368821291,
        0.0
    ]
}